"anio,mes,multilateral,usd,real,peso_chileno,euro,libra_esterlina,guarani,nuevo_shekel,peso_mexicano,peso_uruguayo"
"2001,Diciembre,100.0,100.0,100.0,100.0,100.0,100.0,100.0,100.0,100.0,100.0"
"2002,Enero,174.55582413731707,178.9029500454032,172.00517902896286,171.67528744592664,173.7686401143219,173.3504256641695,172.62904599802098,172.20509639534612,179.71682757842188,174.9425361622208"
"2002,Febrero,201.08701522447305,206.2939005997279,200.9894608747465,198.5435073070909,200.91154525951063,200.35078535134036,193.43401703467768,199.2617744782661,208.15490233838855,195.24746296931147"
"2002,Marzo,270.6444396068625,274.72579426237417,276.19144674279613,271.51688046112884,268.850234308056,267.26322150357197,261.6853499949609,257.49236684083974,279.0595165931807,258.6664707676014"
"2002,Abril,239.73485698943878,245.1925856868278,233.0310660077261,243.7715640788886,249.0051352872488,243.6290255202905,236.54396644104278,225.5412183192537,240.09800637922598,210.5770739323888"
"2002,Mayo,291.981950878686,291.8258781550242,261.2396183420302,288.9547172706694,308.1450319981861,292.06465598265356,267.01736760387536,267.6263608676064,276.2559018631794,328.8056271129694"
"2002,Junio,285.0161095494292,299.8391648975566,239.98576195559562,268.63103855219646,334.5932355763936,313.6054583219601,241.588962718763,289.6131537210025,277.66234809494523,234.27821357681256"
"2002,Julio,257.35817379735914,281.76098560426783,191.96557617008222,251.96798717461533,311.0678797196455,301.5221811934225,217.70224887369713,276.2327042507131,267.39790609133763,171.905955701722"
"2002,Agosto,248.8936412175177,271.0000537556731,208.0188305773818,240.45446312730542,297.9089997465906,285.57332851288896,213.6796238726767,266.5201706891573,252.2762039909028,152.41587754564705"
"2002,Septiembre,243.4528593974586,271.5348391866391,170.8329177321106,229.92656360126952,298.4003098922763,288.338011256133,221.44730557380637,257.34858212268824,247.20864210026332,167.35909019553407"
"2002,Octubre,236.23261531168697,261.8005469740714,165.54047076408463,232.6825488587515,288.93438327955124,277.4641682975736,201.99431706847378,253.0975874172534,239.3208544673628,162.29511321809383"
"2002,Noviembre,234.7037375744611,256.7973661478399,175.97662547281269,233.47606684048975,286.09597936390975,272.03961852882844,183.7017506534777,252.95729776832363,237.20750457877944,159.07256947528495"
"2002,Diciembre,232.56080912744423,247.7087863801065,178.28378248831132,224.89669361600338,292.81781846831205,271.92386560195183,179.8574183455409,238.88811214927247,224.07381665809123,155.3942125714037"
"2003,Enero,221.83506155977346,235.43157709990305,169.24279230083422,206.455211689251,285.5988524203054,263.612275240055,179.30529430336532,223.57583316294946,203.3426104956578,147.9533526789064"
"2003,Febrero,216.01514919033184,231.55322696870837,166.8398293688526,198.89793510376052,278.5423701060647,246.69917838492736,177.46699617889504,217.85030850251357,197.4457833498735,141.89892509440273"
"2003,Marzo,197.72651244796896,209.0839455135906,162.96828153768348,178.98775879588896,252.52716455289203,221.46829544825184,163.62544878308125,200.91421915891002,184.24931653143494,127.07659952849752"
"2003,Abril,204.28652476510453,206.70159938102177,187.1697487847153,190.4247197017483,257.0454379758373,222.81580545368195,164.44016971628668,206.23862944328116,189.5754990743866,125.25476659254694"
"2003,Mayo,219.85768702617165,215.87968778403484,199.1615297261174,191.95468240155773,288.60549805343265,239.15752442760504,182.06553251716417,221.80537245694927,197.007555202105,136.65437728007578"
"2003,Junio,218.56868244072285,216.29969265414076,202.51604734193117,194.5547016274864,277.7217404864824,241.1725006542251,185.62573184358473,223.41668591829458,195.5610000309468,143.09418865324608"
"2003,Julio,211.97755268898737,210.4957074213849,194.01841023519466,193.9281237039822,267.5205720473333,229.43500709692702,187.45502116280892,211.76354688616667,189.37952733932943,137.57892799172214"
"2003,Agosto,210.3328895651558,214.52441034759437,196.54860490471023,189.6759991009817,263.45424807710975,228.16503393674918,179.32580756639567,214.3345345629008,182.3191516873018,139.018126811761"
"2003,Septiembre,219.72398057826143,216.95330398141488,196.65729738505277,211.5086097030304,281.3341182406044,243.71255792536527,181.09326962244322,214.8754073758921,186.48851847691566,139.8072993020455"
"2003,Octubre,221.20308318677039,215.45182907100028,201.85409060140464,220.31921423592115,280.92418247554986,246.98022616336257,183.4906964304902,211.00417128805324,184.7061244418019,137.33705735218413"
"2003,Noviembre,225.22217564469443,224.11066374144082,197.714297871103,216.70838875593105,292.4940051605983,253.07094854133496,193.64813600980207,215.6189254406902,182.88369600212627,137.22027825327478"
"2003,Diciembre,225.90790097763374,211.14462188231408,196.6503543222216,227.34841275391025,299.2248122006356,255.4279134667466,193.90949738721548,213.62670384950212,181.14023657399414,133.18109949605633"
"2004,Enero,225.67836676586026,211.7825859463865,195.95741822092438,231.1698523904293,296.08113857933984,259.0316226150559,186.0467980768916,206.96222247519606,183.92702218106942,135.25317602424536"
"2004,Febrero,227.23432730710397,213.98858893136858,199.40427335212348,222.872105291091,298.7500573837335,268.49363156069234,193.5236680325383,208.21486682407766,186.7263047715521,135.68226227283603"
"2004,Marzo,216.1150064873291,207.33107640376824,192.05035121099908,211.00707086274576,280.92347981903873,251.90707016344717,187.60628400995012,197.3636213573334,177.5614775427831,129.13467540024234"
"2004,Abril,213.236422973063,205.4455610027463,187.59868886656886,209.7688297796975,275.47195472372965,243.73962337212694,194.34824208368724,195.5450888933115,173.0154361531232,130.47719802597274"
"2004,Mayo,222.62983635690662,215.56022055330604,188.6464240687774,208.7048736299535,294.6043802099466,263.80896100945375,202.77059743001598,206.09370831736803,180.06112690225513,137.1515188922278"
"2004,Junio,218.59845187496455,212.514688979686,185.1806936862076,213.53311141695255,285.7865525647534,255.20206909014505,195.17101569916943,205.50517375613893,175.8772959800404,135.75280388583653"
"2004,Julio,219.1773442826575,212.4339781019281,190.84784404747774,212.20818488433443,283.85678286551274,256.42194217695464,195.4024011412893,204.18591570126978,177.49648023810855,138.13156369628564"
"2004,Agosto,225.3836006706705,215.88621252794405,201.2632845820786,214.00361997634258,289.85802723747184,257.94393615931784,201.98702706260067,206.99854867390033,181.72221362932913,152.34510277047403"
"2004,Septiembre,227.45640363476411,213.48428047931398,205.21686273941384,226.42735508788152,293.13142972640554,255.1915653928345,195.81777944087796,206.6318067500677,180.77668215885024,150.15468898075062"
"2004,Octubre,226.01066140736964,210.9718812265796,201.79920359816015,213.51347972336353,300.0140856526673,257.67875939977495,186.30238332041566,203.9338114220141,176.86728460145264,150.97412302273565"
"2004,Noviembre,229.88715813020588,208.67730125031474,208.47828907676688,220.30779023319232,307.4590768430083,262.19029471906083,182.5387285905927,205.67544077337786,181.0661371743147,149.7641846374246"
"2004,Diciembre,236.4286668919588,207.99824514975194,217.44508303980732,231.9956394691895,317.5172429561853,268.27438981411643,185.46231410382686,207.5733450168321,182.87654966509308,153.49689552564791"
"2005,Enero,234.66916788827265,210.39140482217996,221.57047226959585,231.0462688262651,304.35834267169497,263.8010144312506,186.974313710622,205.36337305602797,183.3221168906371,164.34653417533067"
"2005,Febrero,225.93682454056594,202.08932555480388,213.3854130106317,214.75375014732015,296.34867965181195,256.89256842312386,180.12015830518007,197.86326275813462,178.15221706806628,157.3816961829629"
"2005,Marzo,218.86436991635378,199.4850793259639,207.49465744953847,208.69230012066012,285.0137065451869,247.4804193257748,172.5766326291026,193.26803494394989,173.1562025997348,151.26080409029296"
"2005,Abril,220.83533016309443,199.23361303870217,219.8997678893493,210.42134091588264,282.945661717988,250.12589935586692,173.92683045340294,192.9889923631487,174.82374265294905,152.4389025007549"
"2005,Mayo,218.59974197778507,195.87160684710094,231.32704928728919,208.34863764913936,272.375937346929,236.0075027080451,174.19951693184848,189.26998741528863,174.10618600644327,155.7968103480625"
"2005,Junio,214.99277039933187,194.8635679059592,232.5487449949414,208.39218692089352,260.4654742897267,232.40617705972636,178.29635557847877,181.44919688111693,175.91207388705232,149.94727003105893"
"2005,Julio,212.52339433630567,191.64594847618022,225.1869409555873,210.5800199912098,256.0994853272044,221.8432380093878,185.39418084398122,181.4339008539457,174.78915141426697,151.94069207631185"
"2005,Agosto,216.03378519230407,195.13711412903703,227.7383094543647,220.80974825328187,259.9449579240017,229.1615298766419,177.5772117620887,183.2006228166736,173.60941831174875,155.87580172523212"
"2005,Septiembre,218.60812650124282,195.74706612415045,243.64743113136115,228.29407779043774,257.3337664558641,224.47072579801048,176.0214710700796,179.338343107471,173.14049906678505,156.6486848394433"
"2005,Octubre,221.49907469441737,203.4247867969997,245.25028184071488,229.28831209752386,255.99354232671178,222.93564106732833,183.3247523619321,183.22706236833648,177.41102226148107,166.68845221077126"
"2005,Noviembre,219.6185502703815,195.2117670376148,249.10146939192836,234.55249822868274,251.208787350026,219.04920064369517,182.46045286047624,178.78597519110096,178.90202220036795,161.33616602881042"
"2005,Diciembre,219.72006625433815,195.45513987697447,235.6367876101631,236.96478571318366,256.65885861582854,222.4429509765346,184.28540795272417,182.58401873649169,178.28514412366295,162.54173442034605"
"2006,Enero,221.9634708297036,195.81338030570512,249.1693365918462,230.8409967681286,258.916092389519,225.3781262166961,183.95478304939203,178.62036140147177,183.60164452875173,160.06662061632815"
"2006,Febrero,223.1048874203003,196.48224338379728,258.34072962211025,234.45726746093248,254.71003197639135,223.28725013304353,190.69186518052445,177.30024022489312,183.57130544210204,160.36087117452303"
"2006,Marzo,227.01875096141106,199.2743501240318,254.28555741056897,237.9664731051107,263.1864871773868,225.40741968619204,206.21940865256218,180.7758209445413,177.4371773239215,169.79326143019534"
"2006,Abril,226.0928382269912,193.21082310120136,256.1610176137389,237.22356211432427,266.628805204265,228.82941092508645,202.38825030681699,182.7729865120767,169.19405196660648,166.25863684610832"
"2006,Mayo,225.27362660238782,195.79708614262586,236.9337117318428,229.90771606531985,273.64431359523496,237.70444233898436,209.67994282425065,183.08271784418014,167.330844602003,168.54271405906732"
"2006,Junio,224.10220304286443,195.55555248616383,244.75241098388048,229.6706895489133,266.92889062242057,230.55276476565845,210.47350456583456,184.24472374270434,164.22301235049602,169.0375814208259"
"2006,Julio,227.28534931200358,194.15559144427007,256.4283909243385,233.04811850148064,268.36313785966314,234.17001937823022,208.77259771297824,185.39992755479318,171.26717473935295,169.76720118408954"
"2006,Agosto,227.6069310000496,195.47574471473806,253.50967305086408,233.3823803632505,266.944880900212,240.98656043413618,216.5232683440831,187.5787858374173,172.64533773093808,170.77176820542513"
"2006,Septiembre,223.90786036518568,192.5500804449826,246.0625682449016,222.88861059595826,265.68597957347873,235.18167695726768,218.36078322248946,186.97040235567027,170.59401384869417,170.38813770854316"
"2006,Octubre,223.4776369124608,189.22927351428783,247.38768756898082,224.6579110279042,263.5746995605365,235.70178159361075,221.00522994696604,184.13889757360448,173.28436679234758,168.63864697995254"
"2006,Noviembre,222.096081481275,186.59194290275914,240.94751868562224,220.01852526350652,269.51863930698346,240.00353970985466,219.68473796490144,182.55744264439855,167.71492465711066,162.51356820069097"
"2006,Diciembre,220.91840204952885,184.6523231513436,240.7273623434863,217.64638870855836,267.6448874963641,238.93782534842907,223.2985177601864,181.31236208849361,167.06142549071828,161.46753891054985"
"2007,Enero,219.54344089806662,182.8998702012325,242.39716646345502,214.3520347527258,263.2463107681106,234.7352588660913,228.7692743572798,179.90067969269742,169.0722280087794,161.3396960173999"
"2007,Febrero,222.08582095194794,185.38982015063726,249.56772139617192,214.2709412015152,266.25990489071194,238.42912441950511,229.2678768402324,181.32334295846155,165.98985688513235,164.78718478796824"
"2007,Marzo,224.56265134557793,185.60979155684467,253.59447224623463,215.09623699475512,271.88260488032734,239.75131534842077,229.14537195014083,182.35733152469678,166.2951640548054,165.69301412963833"
"2007,Abril,222.2550073383512,183.61560696590016,253.4328485904117,215.2529411626381,273.1565891417443,238.5899631675467,211.10542867213275,186.8316259225025,165.19666599587052,152.7137508977467"
"2007,Mayo,224.52209026034095,184.7170657494692,264.2257043541061,215.91277127055997,268.27887427387634,236.63525560376516,224.7603879436302,184.92077062374173,165.6128625321254,163.07758657214555"
"2007,Junio,228.88435690160398,185.0986143212041,273.3697052697336,221.60243837189265,275.3803017689429,243.26424981595076,220.78410370207803,177.80117720986618,165.77899838708302,164.6848479367973"
"2007,Julio,228.7191065311025,185.4779951741264,274.88114035814186,222.0930874324663,273.0542151581518,241.79506841243435,221.5182370779238,176.40614835585737,164.46375445743135,167.3644919187754"
"2007,Agosto,229.96663633543028,186.67936619256378,267.3151618759263,226.26809624680942,275.1199869340321,243.25382239050137,231.19051719344512,188.2064497707528,164.92920136759687,171.6777345069336"
"2007,Septiembre,234.32687686065134,184.66380763809568,281.81053449972825,231.03781706166475,284.153166491436,243.61385919079265,225.45889880710558,191.46275047320543,165.4832311744172,166.93080589601416"
"2007,Octubre,239.0143668334872,186.42520902889916,286.12971910209814,234.07684186383412,288.46029368722793,247.24626569760778,244.02984345163966,191.10165665551705,168.33660540136924,174.84787550423874"
"2007,Noviembre,240.38067369167308,183.38448847531959,288.87080598545333,229.65800143836316,293.95456016065003,245.1198962769042,248.9104631462743,196.93951907656813,165.55506599225066,180.27413833454378"
"2007,Diciembre,240.21253575110705,181.56483199429474,291.3961399055337,235.66304230563964,291.09068092882615,235.59990872232635,248.31535670687998,195.1882343233296,165.3753320539234,181.63397940168562"
"2008,Enero,241.83493384496884,181.0120544151374,289.5039337943809,250.48036012997898,288.76156005193593,231.54491078087824,253.5897841304502,204.43824543099885,165.4495853036638,186.4597592530549"
"2008,Febrero,247.54082602044497,180.98516287099721,308.28799092670755,252.1834193403507,295.6754607214935,231.72832906776185,259.91851147884597,205.03645129368908,167.78870011657128,187.7976124040972"
"2008,Marzo,251.35943267842134,180.42065808617275,294.7080745385205,263.7252490119838,308.09925362349975,231.11576700732732,273.97118926747044,208.30313436029223,167.26925466414943,191.13406133311997"
"2008,Abril,252.78717674360678,181.01805361800058,303.31355639076577,254.80734930924817,304.6506331615216,230.89881934157086,294.24574921911835,214.54317225686097,170.14009006445897,199.2607119761475"
"2008,Mayo,245.57161646379535,177.22910441921934,307.52008943060656,237.98804509178706,295.8194447781382,224.92894466557564,274.60548935425214,224.01162419668552,167.46863838254902,187.73256899613293"
"2008,Junio,242.68417364741174,173.55370034053718,307.3089795098485,218.85417763411326,292.9665564612484,221.65859893188804,291.2486892027071,209.33600353024562,164.05609363276247,194.6695571181018"
"2008,Julio,243.56641976476064,173.958814738471,315.21275907156473,225.15944229053082,287.8554917170841,219.35836522104438,287.8619241200554,204.933533137479,168.24908617486946,195.56367232798408"
"2008,Agosto,234.81188054393323,172.19023069874353,301.77713779339626,222.23466795038706,268.97454516429303,201.78846300086556,286.8341642403363,198.9206874673308,164.44047366052294,198.47556274188977"
"2008,Septiembre,229.72611694924964,176.93511607816916,266.8103053472667,214.5898476102861,272.9397745301501,208.30753537293404,292.9957404554708,212.37729747036016,161.33514109879766,189.47036048317483"
"2008,Octubre,221.78714538088795,187.9642243957861,258.1740967197467,190.5560030465687,264.9036843181924,202.1541292630681,273.11031171222066,210.93385150808055,148.2782226116212,185.55556343812947"
"2008,Noviembre,216.14874813288162,186.73118800468274,241.55679999716006,196.4968857912556,259.49727314618883,190.87663167845926,257.2318022690105,202.2965777242905,144.25207737464186,180.35163489644796"
"2008,Diciembre,224.63830580640422,185.99040003071158,238.8564512723258,204.67507533980717,289.71293116304173,180.2293313034507,260.78403649517605,210.95689776674325,143.83001105702039,178.5374029234244"
"2009,Enero,222.19730733605695,187.93596526346948,248.82715253077626,211.26374442890972,268.32287460558746,176.91885844995358,254.44565236109727,188.29946099207393,140.6750279416718,194.98176369568645"
"2009,Febrero,221.92794815740197,191.66618254971286,243.78145246213523,220.11973068137831,265.1386122691924,181.39569246478993,260.28737647860305,184.95628830042205,133.92462729907086,192.4258321533678"
"2009,Marzo,236.9062746354092,199.13190211952084,262.80014453257644,238.38130598736493,288.8022388381494,189.11433217344546,267.7503001116968,190.27335998710643,146.4301694911127,193.53725779233426"
"2009,Abril,238.19734518820252,199.0880762675711,275.398285300424,229.02525920664536,287.4051207814087,194.39109596527626,269.76849075957693,190.18853168081003,152.78416267111447,194.78921771282097"
"2009,Mayo,249.92518066370715,200.40788212932745,299.497390420876,241.92917232873998,303.21002939810603,212.48136974780368,268.7714650629525,204.9226997516453,158.71982143856948,199.7088211891157"
"2009,Junio,259.3324071036463,203.96401855611302,315.99421369431224,262.13782067770063,310.2427190413359,222.7985977069856,274.33707162879534,210.50961988199612,160.90917776213672,207.43194013329867"
"2009,Julio,259.7427827833317,203.96080183234176,326.6088981767465,253.67201576800548,308.93634494259396,222.00419409606823,277.6341371429469,219.7214450903701,161.2630909427302,207.91796877987693"
"2009,Agosto,267.763863974675,207.48598563827278,341.1136829403453,254.2134677554008,320.18961061036555,223.9385283724341,285.5702819529425,224.34710994849763,164.08803350725717,221.34433640987703"
"2009,Septiembre,265.72149771076135,202.59942053697063,341.69557487579016,252.75567415407033,318.7034057985228,213.9876361754415,282.3594463751806,221.05936266510756,157.26650241078332,225.49320008147038"
"2009,Octubre,265.28490959703186,199.33529017891843,346.4311310362473,247.99269749812018,317.5681694487326,217.71552545830005,283.4346200017389,217.88230646314196,158.51734691168036,225.3612105625703"
"2009,Noviembre,262.1890806399931,193.71636138041413,336.0159287142004,255.15920592106937,313.59250496583263,212.6773879265238,279.82024832539025,209.570433897016,158.02931436680302,225.10574355794176"
"2009,Diciembre,260.89529970123226,195.72792811369771,343.2035070118646,248.63350240350448,304.4885595500757,208.83669012321536,277.2397589729401,212.63498243164207,159.67652303064125,233.34757699501972"
"2010,Enero,252.41733894340894,194.43816912668007,318.3633004978506,240.4192919604697,292.26132011791043,209.8346496635652,274.9374962887156,212.54628514643724,160.72526989401848,233.36364476456808"
"2010,Febrero,253.36759069650992,194.39695350168427,326.2965026392274,247.8021068750325,282.57478539871255,198.86871552660983,288.47000560132165,209.18544409745908,163.22452004481102,242.69770969303707"
"2010,Marzo,250.51269114231727,193.3142362582453,330.49882212548704,235.62617295133538,281.3634658583314,195.191591052883,274.1010125233944,211.4073251346524,168.2985374234721,233.29343096631362"
"2010,Abril,251.19195007320351,192.08829946090918,338.26007697231216,239.7181656401018,277.1336989857472,198.33219427002484,274.0369598790692,210.04382299112407,168.92237933279844,234.51538198915273"
"2010,Mayo,246.00528130222418,193.52355792623808,330.70465335534664,247.3190985019611,257.88943599738445,188.44145291280998,279.44443978013265,206.89355882387076,159.6813723107282,244.43358968260966"
"2010,Junio,240.38621162298756,192.26268975072085,332.11210809735906,232.495458491436,255.00157870676816,195.6953839199281,269.0668403611553,203.67117098261775,160.0754035914973,217.6494383107575"
"2010,Julio,245.85592428744783,190.7293867426352,334.51194562996767,239.92609808657366,269.7811868519127,200.6819183624016,267.16075541784596,207.8360045572007,160.8648297423141,218.53204333767937"
"2010,Agosto,239.39077543147985,186.5623035162506,320.96078216566156,243.09247745435306,257.9471282613568,195.85603411583276,267.56865237186497,202.5472430052207,153.50698635932844,217.8617362737285"
"2010,Septiembre,254.8618167996443,190.20195130300877,346.26127123177747,260.63453360802345,280.8805112162109,203.17054360637272,268.0133213969918,215.81147247207957,164.07092051005998,228.55768119364134"
"2010,Octubre,253.98873070666798,187.4608151686375,344.88785505972817,255.19887826528208,284.27009541223856,203.42470786215392,261.60580492439635,214.3440600161695,164.13081075605461,227.43708355918454"
"2010,Noviembre,250.7357275699698,187.94464943437362,343.9527862861898,256.6926499817569,269.79659581349574,198.82788706008833,274.21424942508304,212.8278468064863,163.93803277438033,228.73087097780302"
"2010,Diciembre,253.85054429301044,186.4713817726927,354.92014291620416,263.98151846045283,270.13495492433486,197.4942252697507,282.66006119257173,218.95104806559567,164.69581355316282,229.5390998881716"
"2011,Enero,256.0744843787226,187.05842936820792,354.9709576636735,258.12056148304373,274.8727376291013,202.19755417500576,291.7079334173286,197.7692227937291,167.47234709631272,237.82815193305476"
"2011,Febrero,259.9149811955664,188.03538470911647,361.7624535485665,263.9474982374491,279.1383810025913,207.1980809711419,293.9458369313948,201.68510216864019,169.28109100702488,239.81498425586128"
"2011,Marzo,265.0277484276552,189.01678806307254,365.7523033979751,259.7003025687477,288.80285013945377,205.7680313121546,323.869307988379,208.85105512747495,171.61292153655134,244.57853378894706"
"2011,Abril,276.88420595703565,190.13861285210524,383.336698243265,272.92601089528335,305.4300120671541,215.94598941707508,343.97935171308785,217.37389947734272,177.38717433000997,250.67065825361908"
"2011,Mayo,271.5366259645248,190.11406372358294,379.2014118276595,269.86540635723503,292.58092551401563,212.79504991742425,334.70660886813454,213.40256236084696,174.20410171333066,252.35756213460851"
"2011,Junio,273.2782057586175,189.53147702612728,386.87602384745185,268.10537058996664,294.18871062343675,206.33648498791325,337.1102112707781,216.0275211712344,171.11848022191873,260.86580982582547"
"2011,Julio,275.1755119430499,189.55372326719882,391.0174208533548,275.4751165559555,292.17188369008574,211.37184487148716,351.01109996795833,214.4668299027699,172.5575978097444,258.3761472910901"
"2011,Agosto,273.59627268766445,190.8173398668966,383.6917062287436,271.5188760819831,295.3988574640902,212.5040449328479,348.21887699359377,207.8398983230803,163.34335085371907,257.93047508649767"
"2011,Septiembre,254.46651290633972,190.7614167649596,334.94577788656846,247.35010830671308,279.32954025051947,204.07913386275027,332.72092212219434,198.50481786186134,150.64152844368758,241.3191699701959"
"2011,Octubre,264.8205275875508,190.29874701001745,363.2851854927778,260.5552280724667,291.44626294672986,210.67055544327783,321.455735935055,205.93572439774604,157.62892200718485,247.95795927090822"
"2011,Noviembre,250.53022591117607,190.223149622185,331.3460941743263,244.5171696402588,275.1953628460429,203.71359752539888,303.1802835330822,195.53855815917217,148.35221141070824,241.71962687441"
"2011,Diciembre,250.09039875528154,189.88376878725626,333.1934289849657,247.86331142755165,268.32643040493747,203.32135614746412,306.34006962646873,194.0477754536472,149.6358493632317,246.94659506892052"
"2012,Enero,257.184351508958,190.28861492957697,356.87424842931733,262.78866642605465,269.5406454435154,205.0141480102324,290.6230183994679,196.6005072915061,162.15397613945294,254.19578858487242"
"2012,Febrero,262.9477792611337,190.56052797725084,365.8193238117292,269.8950181472942,275.9037034731171,207.60473027094233,315.67840845437155,194.3538730493432,163.38745822810444,255.16730900943145"
"2012,Marzo,259.28904844536885,191.16528129865472,341.15226626697466,264.285103722991,276.37861520548194,209.19156564699196,323.95643127111236,197.9517291179284,163.70633721610014,256.3383588695232"
"2012,Abril,257.7662424393355,192.03326944217363,332.40340848055894,266.0435524857951,276.08863439172507,214.28958037717007,320.52036865515566,198.3910777989536,161.04805552428468,253.80224528574766"
"2012,Mayo,246.32649149303842,192.52345634921787,316.39961781347444,249.4856501153916,260.0301687394899,205.88722908169092,306.42523793938955,192.53546899259567,149.52808023798386,251.01440759553864"
"2012,Junio,246.72634339729683,193.0378531126582,306.5311387973694,258.72510975310865,263.7409113687492,206.41024443670565,306.19308793713935,189.62097625647326,156.58763065710528,240.30600972964424"
"2012,Julio,247.47387828882665,192.55837355832261,315.4416531490125,267.7636849516818,255.61163700732948,207.79595234880367,313.42721957747455,184.7906692776946,159.9165546914015,237.8293993486511"
"2012,Agosto,248.0242327613398,192.42115475637343,311.16555261456716,267.85162685454804,260.4679332686795,209.02258224466829,311.7370786190451,186.01996519780155,158.30578836032507,238.45479937124327"
"2012,Septiembre,252.17600860610736,192.25753555406808,315.1575905016583,272.3004815994237,267.6413214312304,213.10838112337302,307.625655849913,190.4770524119508,164.05514822026902,243.79878504042125"
"2012,Octubre,255.30486229471205,192.75039829083502,317.54319263401413,270.6744649869537,270.80454241850236,213.48099138478082,308.3675231250517,191.68292235912654,162.82508122499294,265.23979894032095"
"2012,Noviembre,253.47200785538553,190.8172241238535,307.94150749412125,268.53199316292785,269.5226400093872,212.26161345990832,312.7848393455391,193.0827479333667,164.47683264857588,267.6783540186428"
"2012,Diciembre,257.3673867515718,189.64682454075128,316.4677438434524,267.983012211212,274.6972031098444,213.26526146183818,326.22434528238676,197.99090368065654,163.59368452321442,274.9103011631991"
"2013,Enero,259.56534615380986,188.41193618779909,325.78783186847073,270.13444107668823,276.5262998253168,206.1857454743361,336.9182779418751,186.2573003779163,166.48232286248717,271.48833001541334"
"2013,Febrero,259.9213853794489,190.37901526950424,329.3334658352563,270.32923603687465,271.3666357429432,199.5400699270148,350.3204342758646,186.8497647625886,166.18298885304347,276.2879048432274"
"2013,Marzo,257.7039694681251,190.23290223592232,323.2883480252011,271.2585646759021,264.7227667106168,200.330498707322,339.198330873106,190.53972771893868,173.77274053474613,279.50916162073503"
"2013,Abril,258.6315604650169,189.0404977895695,326.9277377919046,268.80489514276945,268.83618063778573,203.93632169698742,327.6302964858594,192.88909174682414,175.61516756713775,280.04810001566125"
"2013,Mayo,253.0177105421289,190.33507067083025,313.23264995273973,258.05840526549986,268.64730308012656,200.75797326565745,324.4641160592816,189.41783626664747,168.13303252031437,267.3622418520091"
"2013,Junio,247.43431764318132,190.21414022516737,295.9860609706686,251.81068022640483,268.2522839415293,200.412307325663,304.21530129763875,193.24066705710118,164.37004990060717,261.7289896197032"
"2013,Julio,247.17919224765748,190.34538833865435,290.2074114591388,249.20923777310387,272.20252626157355,201.6627211030925,311.4078414976126,196.953287981224,166.73612454797694,253.6136593494633"
"2013,Agosto,234.35835912122914,110.19054014195949,281.87960145601306,254.36713504752916,274.49605943113414,207.1540740078193,314.55852558184085,197.16997906213018,161.47803508024657,248.03402614346805"
"2013,Septiembre,252.5872886702398,191.78525875160852,295.1007961640503,257.60866674387154,280.5951381870692,215.39286547054573,316.4004643777539,199.25481635076179,163.75833914662948,258.1915038027585"
"2013,Octubre,256.3696366776421,191.65510148437406,306.8543414190364,256.38378044175624,285.62258771280216,214.76660106651653,319.5639190298196,202.61903662051597,167.95688110424234,260.6496601827376"
"2013,Noviembre,256.25936451668554,194.21927110100836,294.70109483250525,250.0799049862479,286.79873719451246,222.2986096953588,328.78032549689766,204.25544272301642,169.73332389094747,270.27927611454163"
"2013,Diciembre,266.29619264930824,201.36013880523421,303.10511562697417,263.70774280065217,301.8943997482162,233.38360564621252,326.4812618860542,214.70469092738705,177.30224159523516,276.798583287781"
"2014,Enero,305.7923966352647,237.6279771419857,348.64156834461016,296.87107351590566,347.0862795672991,225.0997249016874,382.1067188061445,250.4267625139744,205.351797799283,325.3858090792818"
"2014,Febrero,293.354940397481,224.93313950526633,342.73760727020255,274.0517786023976,329.8932242524329,261.1336555372696,383.982521631316,234.09868338769417,194.9161358002123,301.7714123816154"
"2014,Marzo,290.2877164371796,220.02735406959948,347.7976831754902,274.6264637988729,325.28804996846475,254.18636282622424,374.51481871413006,229.2324016943522,193.620427512685,291.62322658763145"
"2014,Abril,285.46960354011725,215.75168603496473,348.61887898142123,264.80498043606,320.5733800047798,251.92863531315524,368.94093001141687,226.00468673201536,188.3458298189603,283.3586777045606"
"2014,Mayo,280.8073769632965,213.19530119558954,344.1572191638362,266.6942366781765,310.2239413191443,246.74965963837306,363.0575134427737,222.64858153521064,188.68040858928734,278.3709916648833"
"2014,Junio,278.73334834504357,210.2631263490543,344.26336974063844,261.9774109266023,306.3127359948214,247.63178748028196,364.20523791527955,222.6056534409794,184.36408163597784,282.012450553144"
"2014,Julio,270.08674787634044,206.95552157052595,334.0312578480174,249.71760653122,294.14502895280606,241.4714417500134,363.004923901135,219.54295674787198,180.25954478230446,272.881042166351"
"2014,Agosto,266.2307125719293,206.7462249863246,330.71584651014916,243.9349456630957,288.9647823599167,237.80996019374604,361.2002709457438,210.52248491449015,181.15643751438654,263.57733085038"
"2014,Septiembre,254.2489257088041,203.82587193056048,304.64328624946745,236.35896691531408,276.1737279811803,229.40944408293595,340.31070919725704,200.68733694788042,173.92872157485627,254.90984567147976"
"2014,Octubre,251.73567438596672,200.89512229692866,298.6464873512558,246.17803517604804,271.0075067989303,223.27679617769044,325.5148940080549,194.49876394245933,172.98604098833542,256.0591003541619"
"2014,Noviembre,242.4625907574563,195.67496572310253,281.97848475119633,228.9991104695642,261.5467585850629,213.78450338417537,320.22554263402026,183.9238576374619,165.14082130211784,260.2429719783144"
"2014,Diciembre,235.9278809569507,193.22284135572446,269.6730755895478,227.04092877066623,253.43679484368286,210.86128544133214,321.5002454738475,182.07771280988842,155.486619670956,251.38653196807616"
"2015,Enero,227.37389471521374,190.6321266673284,276.0367595788794,215.56887961992174,230.19637837132007,200.63532618294047,308.3391601186888,174.11318495656872,153.05128985164097,253.05871620549942"
"2015,Febrero,224.09348195313123,190.7274580825174,253.74521491998158,220.75708372542363,228.6171972995431,205.18505499543966,312.43337683056035,170.53204362685906,151.471519122097,249.2983111061161"
"2015,Marzo,216.40786428317634,190.71140845013076,227.76648436602412,217.73668754410326,222.4337748806116,196.43513250509505,307.1056536494014,170.30975833646372,148.63751858270516,242.12515691860884"
"2015,Abril,218.84166898329045,188.55184003864872,250.18352667280325,223.06403160063496,223.64298993252277,200.9574982623919,289.53105842098336,173.64507506851885,146.18091521080805,234.23425442406477"
"2015,Mayo,213.47436631793795,187.41634767577142,231.06391534005968,217.12531653659252,220.91381815829675,197.48183207536604,290.84319023254193,171.3048374024223,142.61329085969905,231.05630233257344"
"2015,Junio,213.48591544142283,188.47383997540453,235.1565059208848,212.5995390340577,223.5320456345908,203.5205733209739,279.4631303014276,175.70968894386135,140.6141082126794,227.32175881785437"
"2015,Julio,204.46379366501307,185.5254710263364,219.66568877893937,199.47510224286376,215.73778255520583,198.8692775215848,276.01946358392394,174.1225616768624,132.86707083188176,214.7792062731411"
"2015,Agosto,201.01550476313554,184.1558329092741,204.35472637603525,193.04158313360614,218.9254371495726,194.94263533867525,266.1401602018949,166.10981346473773,129.0259310283558,216.54848202771174"
"2015,Septiembre,195.6947680249944,183.2363074895686,178.86332735436542,190.1509403297924,219.94440673024528,192.36060543472942,255.24400760829852,164.938021245974,126.6144624420163,214.05389382301033"
"2015,Octubre,195.56048203794944,182.22540351927725,188.57019153270983,193.91424745337088,214.48151914020139,194.10578839979232,247.2297184727002,166.1881179547552,130.4451938187599,209.31880781576425"
"2015,Noviembre,191.50111695607168,179.8665352396566,191.1571238840854,184.77294222224802,203.85085375353182,187.7893675518984,250.99453835923418,163.48587810455751,129.33832212757642,211.5026599943647"
"2015,Diciembre,249.60670777801627,233.27812379912868,247.4527820568593,242.86034319046806,273.6662266351415,240.6596180043011,317.74930709792085,212.1476023432311,162.50233318196314,267.3187062125523"
"2016,Enero,251.83771080039932,239.40234195858284,251.10559954688793,248.3210784767162,273.843316831484,235.0116780416959,324.46597084038734,212.82061499176604,159.57883794475904,268.0096783336583"
"2016,Febrero,274.6624925881972,257.85078872106067,273.36713994691826,275.7825339199733,297.89876049320657,247.04207197723375,372.9679029805028,230.89740026167823,170.94574489273117,289.5649688363437"
"2016,Marzo,259.7354952219371,236.39409514652033,275.5851442703713,254.52547778820067,284.9672188645852,235.0103610821317,335.3215291987482,217.34173512323093,165.2754059067106,263.71799554535846"
"2016,Abril,242.99554761635568,218.0432427999741,266.0552649830489,240.89902663452202,263.7924976096325,219.17275426261187,314.89366079715063,202.77102884531408,151.91714385057134,244.81587218146322"
"2016,Mayo,220.83955466233218,202.80314239371424,239.88383084361672,213.40142203056396,239.26471402386883,203.38079409693637,285.7600189939758,183.30698624612097,130.41346064624005,232.81048612478764"
"2016,Junio,234.12767756816706,211.5204120221727,275.00824215680143,229.3541992793093,248.29008501113714,194.13260291993518,299.56938793575995,190.44115760439064,134.1381463090111,244.92569692397672"
"2016,Julio,232.51285868802563,207.58700911476356,274.63860239963026,228.9767762971175,244.56936914540964,188.37027099123938,296.0621884621547,190.39253147461773,131.78753170981614,252.5407534817648"
"2016,Agosto,237.06362742624256,210.5788724426017,280.6826467649177,230.62097526515933,247.97213491525122,189.54253941746813,303.46851148520113,193.82001054068846,134.42212129825606,266.0360786304791"
"2016,Septiembre,239.89639797245766,212.09355056181286,283.30447373098355,238.7933562318306,251.41472927966265,189.62265580466303,302.3012910465397,196.44138711510726,130.90957999413513,271.2930804657031"
"2016,Octubre,227.24956000689247,201.52894252552605,271.0005469047941,229.75463950987702,234.10839308738502,168.76754683029674,281.2346509477255,182.07632466322252,127.66551291562341,262.512395297788"
"2016,Noviembre,223.00815597804413,204.43046788528684,259.4837907351186,224.52983344415688,229.50907632347125,175.44835579384275,281.8336691522795,184.73366260030326,120.27315801347699,256.36911505793165"
"2016,Diciembre,227.75063657235057,206.55550717759803,274.3953159845831,229.34382461116783,231.49616880768386,176.05028695170247,289.69633278174445,186.40432284297776,121.80864538460969,259.85438852124474"
"2017,Enero,228.63203305605415,203.97208237268418,280.9401818469657,233.34758193652885,228.83097738889597,175.29690206200988,284.99311207659,187.9483888730141,120.76395727281782,268.40953082110497"
"2017,Febrero,219.28691346428747,194.9439588643682,270.37435756424196,223.26276531383257,216.4312606268385,166.71039389663372,283.4974396275268,183.75746548843932,121.39929941226538,256.1328848206735"
"2017,Marzo,212.93550116985398,188.82493530249948,261.1511026907803,209.6175436082197,214.22216783680722,162.29039448861707,267.4347575080712,181.16689587620266,125.45413895308296,247.2082399568209"
"2017,Abril,209.32564179850715,185.26695391394554,251.5115627142932,202.99856102238417,213.4165485176903,165.6439618822464,268.0956081623798,177.46919337193557,122.050003025016,243.93762355571025"
"2017,Mayo,214.54970897973098,189.55596192678715,251.60653102681962,206.60815865443539,223.21444874667012,168.63484627375473,272.8620502167168,185.57806575205115,126.45780411583878,249.77598935402668"
"2017,Junio,219.1245326265218,191.79906985151277,251.19393653508308,212.21070569652952,230.88500352183965,172.19284488131086,279.8011876144562,189.66803246411638,132.8287750300916,253.21671195085844"
"2017,Julio,237.75855694118744,203.87022712769317,280.2230067117826,231.48939817241015,251.6862217985905,185.34293266333867,298.8513890209326,197.52572988135077,142.9401696828815,269.01153452015967"
"2017,Agosto,230.39412102172915,196.6031674975886,267.5297156342684,232.03914480403918,246.34633369270296,176.30389151699308,281.7464135386119,189.68947442284366,137.87360029535972,257.25497248391036"
"2017,Septiembre,227.09650033627003,195.52044472580448,263.69635078546173,225.91870322248948,242.07820606677868,181.3723275281784,280.1121799793404,190.37194761791827,133.92698904234956,254.0632835867545"
"2017,Octubre,223.4958401733796,194.21489113637426,256.63684633497184,226.0217831270793,237.28280490016652,177.4098957010797,280.074383487172,190.14904655906741,127.10457764526747,251.5308798059234"
"2017,Noviembre,220.12818681345883,189.13694013453375,252.92710160326172,218.4660058141759,235.67761892197325,176.39037621398012,274.01256483041936,185.73541958818592,129.3147377083632,247.701400205978"
"2017,Diciembre,233.81438068805204,199.44973243344847,260.2257443514733,241.15754399528817,252.2654284388546,187.95833499194936,295.86626188499076,198.0383320529613,129.24034890590352,265.11500499147604"
"2018,Enero,244.6411850017337,203.90809132399932,277.4513011557392,250.4988534831144,263.03761761400114,199.63082665576886,302.2776034497257,204.1679771940685,139.34357348864194,281.0417902099621"
"2018,Febrero,245.77198959841124,205.72881392939163,273.3437397250171,258.31458321566805,262.631806885942,198.32473477824294,306.684976204402,200.88077084470189,140.04083509167393,284.3026914108566"
"2018,Marzo,239.60342459592414,201.0920243723639,261.16445743245237,245.7392963992451,259.29435702725596,194.88467676383158,300.28403437915557,195.4807572790924,141.10326765985008,278.47403303283517"
"2018,Abril,234.53977614060125,199.98506326417458,247.674986187471,243.72269180289376,253.62136126683447,190.33575138832325,297.96830443958817,189.64666376343035,135.8990946344579,276.4966954316042"
"2018,Mayo,266.20023009208313,238.0298214839989,273.3982235400399,279.4847244030051,289.0658498010953,218.0981176749325,341.7954651926207,226.33124878151136,151.62946301999781,300.2472897248908"
"2018,Junio,292.0937101028038,262.9180722143258,295.1106276551184,298.15130490493476,320.25590294912365,238.31820685515942,382.4412520917381,244.72257332114037,167.99008079690026,332.5646932594932"
"2018,Julio,276.9616600276452,245.73904647873735,287.32251988766404,283.56961712447116,299.28244843496003,222.24284678836807,354.00170220334684,228.30779578919973,167.7302080767212,319.03482985069667"
"2018,Agosto,343.4410615624286,313.38680176994654,329.4349540467289,345.1927962900433,381.9431846968582,282.8183906660299,444.8619938152024,295.30707583182425,209.73886120724845,394.3638370150019"
"2018,Septiembre,353.2729837770777,320.3240123437226,346.9077731787257,359.5600995874117,392.2455980842375,291.3042906049762,449.7988243766483,302.78201972166886,217.325850642828,394.4658904356595"
"2018,Octubre,315.3407806657579,287.99752322348905,338.5399826626413,309.1239679247251,342.77348919615395,254.42891266161115,399.25333082269117,264.65128941870796,184.43404047712386,352.8135432172319"
"2018,Noviembre,319.0101009543910,288.8888394294370,332.8173074855890,324.0466328823950,344.7535494520690,258.1840530657390,409.1227515142930,313.7316745937500,185.4050107043130,361.4896107688700"
"2018,Diciembre,306.6611209587480,277.8154849907300,319.1161809485150,301.7670719845100,334.1818236710850,247.2451703527080,391.5362835903040,297.6727358801980,185.3910990855600,349.2423241575550"
"2019,Enero,298.5756901401130,267.4659041234910,321.6846277854930,302.3493075712570,317.8690810430880,243.4805763272700,369.8733733213650,293.1691421410340,183.3736471587620,339.1967894557710"
"2019,Febrero,299.8917595836610,268.3752063964460,320.7364088738970,310.4589898365520,316.9417329715150,247.8427435288150,371.6787906376260,297.5179093277970,182.5690878515600,341.9770939244910"
"2019,Marzo,316.3159473105710,289.8296228576740,330.7870973367640,319.5411791363230,338.8533870448680,261.3686503726260,392.9307989957410,319.8154398515690,194.2135669137690,357.7386382385200"
"2019,Abril,318.8023761354200,293.3315338038770,334.2697367741990,324.4768957167040,342.0177009521360,262.6693824054550,390.9802207561340,324.1372196072450,200.5538089779600,351.0589264733540"
"2019,Mayo,300.6901206651000,279.9236705310460,315.6198841226020,297.4236235243950,325.2309982073660,244.8513637971690,370.2031431307280,310.0171917215380,188.7677439198960,330.3722461615220"
"2019,Junio,284.9302165433420,260.3068136982820,303.0417270117280,288.6074984490160,309.1953576880150,228.9111260211640,349.6738261714870,291.2354459822810,174.6195271299050,308.2208995628310"
"2019,Julio,286.9694249656420,263.1166289411670,311.1558897206240,283.3569272874780,304.5146558698230,221.6427034832520,364.1720700376470,298.1841174529930,178.4934421920100,323.4443002880680"
"2019,Agosto,358.4029723203500,339.8490687430940,366.6108347221800,355.0411496013300,389.4588326131670,287.2983520148220,453.1214980819250,383.1192091818920,218.6415286099770,393.7132450884660"
"2019,Septiembre,333.4121141908820,317.1921129385080,341.4727082418880,328.7123263888480,361.2339131982140,270.6162952211220,414.8365849486760,361.5602585423910,208.5561464243770,366.5139042214170"
"2019,Octubre,341.2679342175100,321.1518581944130,358.5174508374490,331.4694454061420,371.5564044390020,286.3286123202030,414.3825494369190,362.0104942098080,218.2249642084220,366.1798233651820"
"2019,Noviembre,320.3517896516820,310.4230542468780,331.4357718409530,279.2918528928300,354.6120961326700,278.1908254949170,401.3933437394590,354.1439655974700,208.4750417258710,350.5488250106790"
"2019,Diciembre,320.6902529801260,299.5043605812480,337.8143254210260,305.0636729790640,349.4266203317740,272.8565905925400,390.0804435537040,343.2052622705580,209.5186272636290,348.2013658359600"
"2020,Enero,308.7890729207740,295.1742758348480,318.9642015705870,284.5799459061060,333.7869493759500,265.2825021709790,379.5490488965620,336.2362353334740,208.2594688576290,345.3780145961210"
"2020,Febrero,307.4155911437910,300.1201336261050,303.6425730390910,280.0367686314660,338.9794374635310,266.2899113450390,386.1425173359540,338.6567570721270,201.8866217163420,340.9454525944640"
"2020,Marzo,297.5119978371980,302.2887564471390,268.2958861336080,274.7471394864930,345.6904118344040,259.2919333190040,388.1845488610840,333.7880495549660,167.6560850867590,313.0959025292710"
"2020,Abril,297.6684943428190,304.6598857506280,256.2891123955100,279.4339716020590,345.3952335951810,264.2777182286520,392.9614388584160,344.5229364125010,167.1758337559110,319.5651531802490"
"2020,Mayo,308.8618357317630,310.0447652846920,265.3181244513050,299.0576956199040,359.0188294047990,266.6692396890110,392.8380652519150,349.3374595847200,185.1550274000200,328.7385081861040"
"2020,Junio,312.4300204171660,315.3404245047870,263.3232094789570,294.2773892983440,369.2283084729680,269.7815307109700,388.9283897329220,359.5740937709910,181.2194125962590,341.9462978445130"
"2020,Julio,327.8778032766460,320.6819314521920,282.5032048829050,322.8139598646250,390.2229882932460,289.6034781263380,385.3238765716430,368.1431163365110,192.6720793034760,346.3670038390540"
"2020,Agosto,326.2304469244800,321.5727736446060,271.7701597416780,314.1638366893230,392.2175032901940,295.5895292292970,385.4176250845310,372.9117267816850,196.2007984285740,345.3796928744680"
"2020,Septiembre,324.6363105747380,324.1059173103310,263.1737835046920,316.1976943325950,388.4747629665640,287.6085579309190,388.8952579261560,364.7924204212500,192.4302457015990,351.5686241242170"
"2020,Octubre,327.3859335828500,325.6575268890240,261.3000166158320,324.7828007308650,389.6057320539830,290.7737846857840,389.0789736978060,371.4226797731790,204.3569647275420,352.7079896322760"
"2020,Noviembre,336.7154973521830,326.9196777204130,285.9075915201030,327.3485805850830,399.9188869463470,300.0378698824100,392.8587117966380,383.8311796863210,218.3230908203070,355.7737584193270"
"2020,Diciembre,347.0855104932300,327.1391275158560,298.0794080071950,353.8937326056580,411.8858090486190,306.8902077350570,404.5959899203210,395.3160400181980,220.8096433747980,360.1584285959030"
"2021,Enero,342.8119997903700,328.5093760808920,284.4781601386800,345.8452211042090,407.6125854181780,309.3383492547940,401.8518765703340,387.3168828486850,214.8967401927870,365.1569131834270"
"2021,Febrero,343.5346817241270,330.4483342738490,279.9697934195260,351.7250921727340,406.3746132897350,314.7541831419830,422.7152656176930,384.7398623894740,213.4158746686370,359.8352585967860"
"2021,Marzo,335.5843079075270,327.8602325691700,269.8574622502480,343.9664440722080,393.0158967388890,307.0866867021830,427.0811135677520,378.8155595787710,214.9236308205350,346.2590896541220"
"2021,Abril,339.4370672716880,323.0337801696520,285.6613083012880,352.2987926045660,398.9781255129720,306.4471931846160,415.1574929269850,380.9502156920410,217.3225771084250,344.6124395479800"
"2021,Mayo,332.6301212672700,317.9797533760620,288.2650116451380,333.8908932199320,392.8072433221410,305.9256014552120,391.5540080187090,373.3334877436780,213.0141569938490,338.9029909880440"
"2021,Junio,326.8312090979340,314.3863883407300,300.7481166362190,323.2626748142120,376.7110559586640,293.6802477701660,384.0781223285520,365.2287879315040,211.0747525831480,336.6371608639150"
"2021,Julio,318.3645177447470,310.1667738546900,287.2647830475940,308.9752946883770,368.6387453325190,290.1055326081950,373.9634249567350,362.6849232324050,207.9556838748440,330.1106238766540"
"2021,Agosto,311.4894874969340,304.6351222605050,280.0747412784590,295.0971318605710,360.2426127166620,282.5581425952390,368.7609238893860,358.0594093353370,201.2175514773700,334.7103608244920"
"2021,Septiembre,302.3364923945820,298.9440521468660,265.7533941402150,284.0230799533880,349.5179886562840,271.6776284541730,366.6791278913220,351.6043010343980,195.8008507116290,328.6356212302090"
"2021,Octubre,294.2369594899930,293.8178893925370,252.2590075256170,277.6546593814450,341.1908205249640,271.0163595834980,361.5302562714790,349.0111261177870,190.8727458360090,314.8393118313530"
"2021,Noviembre,287.8170662539240,291.3693214724740,252.7077721398420,267.8253750152840,329.9375907646910,262.1332791589160,362.7627397630370,343.0948884769840,180.2373744707820,310.2746072110220"
"2021,Diciembre,283.8579473488920,286.6122533868910,247.5927121920210,260.6751353330890,326.2618398336470,261.6638649925260,357.2873407496590,343.6751863994190,187.8277774165920,301.6529952448550"
"2022,Enero,282.0870359887070,283.5962133206030,257.0582749446320,270.2675728046280,316.0901089648390,254.7940298834430,344.2771820127340,328.4935724465120,182.9035752298060,304.0024245563090"
"2022,Febrero,285.2800229179120,281.9096221788170,266.0314061075940,270.7466773995710,317.5032836308450,252.8245408654540,348.5345703490420,322.7538178774370,185.6461235845970,316.8864549010310"
"2022,Marzo,286.7574810634850,278.3970690930870,285.8128144165110,274.8588699398660,313.4078186258460,243.6851234551270,341.1626788250990,320.9973477523680,187.0275909637670,318.7841288106940"
"2022,Abril,275.9320109651810,276.4946589683460,275.0181499887870,252.5907377179860,294.6896830783170,234.8558386013070,347.6561509749610,305.4917514585390,181.3790789008180,317.1957880268180"
"2022,Mayo,279.6950037134680,275.0300434178110,283.5914927457220,259.8188008549130,298.4988427275050,234.2652059794970,341.7880699833420,301.9401895428750,186.6449724565030,322.7420440655250"
"2022,Junio,269.8507625501310,277.0217159214460,256.2137462120750,235.1772240437820,291.3649540177260,225.3358527831230,340.0757614911290,291.0390439401880,181.2458920158460,325.9819424767220"
"2022,Julio,261.7872121493960,270.3192835515550,251.6623356502080,236.5274181213400,277.5105681340760,221.5130279640820,332.9789546163110,290.9472982306610,176.3553627177020,308.0300948912830"
"2022,Agosto,261.5536452569590,268.2822400704120,254.6428970024540,242.3258406128080,271.4570250462520,212.1514658142450,332.9871282554430,295.4625942525580,179.0346507106150,314.3085447775550"
"2022,Septiembre,255.5863207837470,270.2051191103400,239.6385013209160,225.9245233070840,268.2851608684950,200.1886307872030,327.4201931579400,278.5882230217690,179.8235095703670,313.3788962757870"
"2022,Octubre,258.9447967582370,269.2604575564330,243.0086301856830,229.7522263345580,276.6501341899240,214.4702932372530,316.7754808738800,279.0730429054290,182.9489497995850,312.3755102866690"
"2022,Noviembre,268.1705854780130,271.7960287425140,245.0331753309120,243.5696637762640,290.3307881044500,224.6818005737490,321.9716306604230,290.1231236697780,191.5046616009600,326.9087606343720"
"2022,Diciembre,272.6911627999670,271.5202503541320,249.2066622391730,260.0306784380360,298.8676342777990,227.3875481131350,318.6388707317610,284.4976358471640,189.9278378821860,322.8320085528400"
"2023,Enero,275.2520474363700,268.5118156212790,254.1285850244780,272.1769609142760,297.9858334594600,228.0810390379140,314.6599138275550,285.3897970852800,194.7796080971190,329.2774972832710"
"2023,Febrero,271.9140019420330,268.6070881692070,250.1389730380990,263.7367188953360,290.6175922660470,222.0043903122140,317.3822984172910,268.5961136041970,199.0444767909140,331.5812347586410"
"2023,Marzo,277.3841478510150,267.3998634348560,253.8675469138100,277.0934034354760,299.3166258623990,228.2425506491320,322.0641994034530,273.8734774382430,201.1407066908100,333.4776028368530"
"2023,Abril,277.9755198005670,266.4126688203540,259.6991154736140,270.0014632232060,302.4483504829280,232.9081997110490,319.9932874783330,269.9170445687140,200.4109680306570,332.9600947371270"
"2023,Mayo,274.7893655516030,266.0446792982400,257.3137118438770,269.8098020836140,293.2024480009530,230.1658185230020,317.3718907994970,263.4806436813420,203.5767069081520,330.9853776247340"
"2023,Junio,279.8965479929100,267.4000747359480,266.9770708335500,271.1591366331140,299.2495293931850,235.5404221336310,314.1681647007070,266.0610575849730,210.2443158675970,340.5084730694180"
"2023,Julio,280.0384091128560,266.6288509256500,272.3858871979760,262.1015869135290,300.9301331259490,237.7652131778540,313.1317650935060,264.3743332665190,215.3516238019040,337.4786963497750"
"2023,Agosto,320.6725781300090,309.2872557355120,306.7140692210980,293.5209370094950,345.7258958182310,271.8313107490780,361.2003518202670,299.7411508475580,249.1158845190900,390.9616389564900"
"2023,Septiembre,280.1407779769010,276.9953433444790,265.3584822889030,250.9643067012770,300.9118690810940,235.3693944241250,323.1830263875860,265.3591981196190,214.7733511012450,344.6952014609140"
"2023,Octubre,253.6194742136700,253.0751767768860,243.3770246438640,224.0007557931260,275.3996646286440,213.7945929880700,290.7677246144190,229.9254502248490,190.3716438665840,304.4644446210950"
"2023,Noviembre,240.3196351563310,232.0589843774530,229.9174201363530,220.9981552366020,261.0816875417960,205.2498061892400,269.1574388952580,231.7626027894480,185.0196029287380,286.8029330961660"
"2023,Diciembre,447.7540022591610,430.2551488165980,431.7162792130910,402.8489834181040,487.6239569329290,383.3413808431460,510.0185758520070,438.9922950286920,349.8422518089490,531.1629374887360"
"2024,Enero,371.2537611595180,362.8988156391790,356.7993826210240,321.0818930696190,400.1295297778520,319.3136387743680,432.1021013870950,362.9266017224210,292.4171811184940,454.5242412073150"
"2024,Febrero,331.5582525512770,326.1406889698070,321.6060370655450,273.9681321510760,359.4103189556280,286.2033586579520,385.6328192498060,329.9738920911630,263.1059616736560,407.4827053134310"
"2024,Marzo,300.7642894643720,295.3786343232300,286.0823669200860,247.7134925861260,324.7490535608260,258.3181352396670,346.0292581790840,291.5392236302410,244.8505332242900,381.4832830579740"
"2024,Abril,279.1289563825730,275.8996476354500,261.9038340559250,239.3223046357890,301.8004559914920,239.9639677283920,321.5049514606040,267.1962734219540,221.3150521216490,348.0586640544650"
"2024,Mayo,274.9943277068960,270.3486514288290,253.0478321488130,243.7902641787280,298.6674683204300,238.9382755482970,311.8546281709180,266.9429029826160,217.0810031663520,340.5829550221320"
"2024,Junio,261.2235178516450,263.0465191203650,229.4966324356580,228.4668570268340,288.2639147697940,231.6260016429700,302.4935495512620,255.9136811697960,196.5686712564970,325.7142876436270"
"2024,Julio,254.0428142085750,256.1555548708930,222.6718354339730,221.6855043726780,283.0614136850350,228.6684506374260,293.0913526434620,252.3311892421320,189.5216197926800,310.5707391614400"
"2024,Agosto,251.3540788636770,251.0129525333940,217.3777289872820,227.5049189267070,283.9551382846710,230.1479174769680,285.0047405192050,255.7673209600200,175.7613309056720,305.0438072659340"
"2024,Septiembre,251.5218060807700,274.2998909504000,221.2562006605180,226.4050946591200,279.6712964908090,228.8712510921950,272.7140933860950,245.2507382814980,172.1718763723320,288.8368880502730"
"2024,Octubre,239.2689264931940,243.7053276889570,207.8260217004410,213.0468835612710,269.9054672683850,221.5629759898280,264.3514606084610,243.6168649667940,168.1038095464850,289.5727858050110"
"2024,Noviembre,232.3578024108450,241.2312579555800,197.9023431008890,207.0722017633680,259.8787666043250,215.1799353256730,267.8918576024020,245.1134971445630,164.8749234662710,278.1744139210400"
