anio,mes,multilateral,usd,real,peso_chileno,euro,libra_esterlina,guarani,nuevo_shekel,peso_mexicano,peso_uruguayo
2001,Diciembre,100,100,100,100,100,100,100,100,100,100
2002,Enero,174.5558241,178.90295,172.005179,171.6752874,173.7686401,173.3504257,172.629046,172.2050964,179.7168276,174.9425362
2002,Febrero,201.0870152,206.2939006,200.9894609,198.5435073,200.9115453,200.3507854,193.434017,199.2617745,208.1549023,195.247463
2002,Marzo,270.6444396,274.7257943,276.1914467,271.5168805,268.8502343,267.2632215,261.68535,257.4923668,279.0595166,258.6664708
2002,Abril,239.734857,245.1925857,233.031066,243.7715641,249.0051353,243.6290255,236.5439664,225.5412183,240.0980064,210.5770739
2002,Mayo,291.9819509,291.8258782,261.2396183,288.9547173,308.145032,292.064656,267.0173676,267.6263609,276.2559019,328.8056271
2002,Junio,285.0161095,299.8391649,239.985762,268.6310386,334.5932356,313.6054583,241.5889627,289.6131537,277.6623481,234.2782136
2002,Julio,257.3581738,281.7609856,191.9655762,251.9679872,311.0678797,301.5221812,217.7022489,276.2327043,267.3979061,171.9059557
2002,Agosto,248.8936412,271.0000538,208.0188306,240.4544631,297.9089997,285.5733285,213.6796239,266.5201707,252.276204,152.4158775
2002,Septiembre,243.4528594,271.5348392,170.8329177,229.9265636,298.4003099,288.3380113,221.4473056,257.3485821,247.2086421,167.3590902
2002,Octubre,236.2326153,261.800547,165.5404708,232.6825489,288.9343833,277.4641683,201.9943171,253.0975874,239.3208545,162.2951132
2002,Noviembre,234.7037376,256.7973661,175.9766255,233.4760668,286.0959794,272.0396185,183.7017507,252.9572978,237.2075046,159.0725695
2002,Diciembre,232.5608091,247.7087864,178.2837825,224.8966936,292.8178185,271.9238656,179.8574183,238.8881121,224.0738167,155.3942126
2003,Enero,221.8350616,235.4315771,169.2427923,206.4552117,285.5988524,263.6122752,179.3052943,223.5758332,203.3426105,147.9533527
2003,Febrero,216.0151492,231.553227,166.8398294,198.8979351,278.5423701,246.6991784,177.4669962,217.8503085,197.4457833,141.8989251
2003,Marzo,197.7265124,209.0839455,162.9682815,178.9877588,252.5271646,221.4682954,163.6254488,200.9142192,184.2493165,127.0765995
2003,Abril,204.2865248,206.7015994,187.1697488,190.4247197,257.045438,222.8158055,164.4401697,206.2386294,189.5754991,125.2547666
2003,Mayo,219.857687,215.8796878,199.1615297,191.9546824,288.6054981,239.1575244,182.0655325,221.8053725,197.0075552,136.6543773
2003,Junio,218.5686824,216.2996927,202.5160473,194.5547016,277.7217405,241.1725007,185.6257318,223.4166859,195.561,143.0941887
2003,Julio,211.9775527,210.4957074,194.0184102,193.9281237,267.520572,229.4350071,187.4550212,211.7635469,189.3795273,137.578928
2003,Agosto,210.3328896,214.5244103,196.5486049,189.6759991,263.4542481,228.1650339,179.3258076,214.3345346,182.3191517,139.0181268
2003,Septiembre,219.7239806,216.953304,196.6572974,211.5086097,281.3341182,243.7125579,181.0932696,214.8754074,186.4885185,139.8072993
2003,Octubre,221.2030832,215.4518291,201.8540906,220.3192142,280.9241825,246.9802262,183.4906964,211.0041713,184.7061244,137.3370574
2003,Noviembre,225.2221756,224.1106637,197.7142979,216.7083888,292.4940052,253.0709485,193.648136,215.6189254,182.883696,137.2202783
2003,Diciembre,225.907901,211.1446219,196.6503543,227.3484128,299.2248122,255.4279135,193.9094974,213.6267038,181.1402366,133.1810995
2004,Enero,225.6783668,211.7825859,195.9574182,231.1698524,296.0811386,259.0316226,186.0467981,206.9622225,183.9270222,135.253176
2004,Febrero,227.2343273,213.9885889,199.4042734,222.8721053,298.7500574,268.4936316,193.523668,208.2148668,186.7263048,135.6822623
2004,Marzo,216.1150065,207.3310764,192.0503512,211.0070709,280.9234798,251.9070702,187.606284,197.3636214,177.5614775,129.1346754
2004,Abril,213.236423,205.445561,187.5986889,209.7688298,275.4719547,243.7396234,194.3482421,195.5450889,173.0154362,130.477198
2004,Mayo,222.6298364,215.5602206,188.6464241,208.7048736,294.6043802,263.808961,202.7705974,206.0937083,180.0611269,137.1515189
2004,Junio,218.5984519,212.514689,185.1806937,213.5331114,285.7865526,255.2020691,195.1710157,205.5051738,175.877296,135.7528039
2004,Julio,219.1773443,212.4339781,190.847844,212.2081849,283.8567829,256.4219422,195.4024011,204.1859157,177.4964802,138.1315637
2004,Agosto,225.3836007,215.8862125,201.2632846,214.00362,289.8580272,257.9439362,201.9870271,206.9985487,181.7222136,152.3451028
2004,Septiembre,227.4564036,213.4842805,205.2168627,226.4273551,293.1314297,255.1915654,195.8177794,206.6318068,180.7766822,150.154689
2004,Octubre,226.0106614,210.9718812,201.7992036,213.5134797,300.0140857,257.6787594,186.3023833,203.9338114,176.8672846,150.974123
2004,Noviembre,229.8871581,208.6773013,208.4782891,220.3077902,307.4590768,262.1902947,182.5387286,205.6754408,181.0661372,149.7641846
2004,Diciembre,236.4286669,207.9982451,217.445083,231.9956395,317.517243,268.2743898,185.4623141,207.573345,182.8765497,153.4968955
2005,Enero,234.6691679,210.3914048,221.5704723,231.0462688,304.3583427,263.8010144,186.9743137,205.3633731,183.3221169,164.3465342
2005,Febrero,225.9368245,202.0893256,213.385413,214.7537501,296.3486797,256.8925684,180.1201583,197.8632628,178.1522171,157.3816962
2005,Marzo,218.8643699,199.4850793,207.4946574,208.6923001,285.0137065,247.4804193,172.5766326,193.2680349,173.1562026,151.2608041
2005,Abril,220.8353302,199.233613,219.8997679,210.4213409,282.9456617,250.1258994,173.9268305,192.9889924,174.8237427,152.4389025
2005,Mayo,218.599742,195.8716068,231.3270493,208.3486376,272.3759373,236.0075027,174.1995169,189.2699874,174.106186,155.7968103
2005,Junio,214.9927704,194.8635679,232.548745,208.3921869,260.4654743,232.4061771,178.2963556,181.4491969,175.9120739,149.94727
2005,Julio,212.5233943,191.6459485,225.186941,210.58002,256.0994853,221.843238,185.3941808,181.4339009,174.7891514,151.9406921
2005,Agosto,216.0337852,195.1371141,227.7383095,220.8097483,259.9449579,229.1615299,177.5772118,183.2006228,173.6094183,155.8758017
2005,Septiembre,218.6081265,195.7470661,243.6474311,228.2940778,257.3337665,224.4707258,176.0214711,179.3383431,173.1404991,156.6486848
2005,Octubre,221.4990747,203.4247868,245.2502818,229.2883121,255.9935423,222.9356411,183.3247524,183.2270624,177.4110223,166.6884522
2005,Noviembre,219.6185503,195.211767,249.1014694,234.5524982,251.2087874,219.0492006,182.4604529,178.7859752,178.9020222,161.336166
2005,Diciembre,219.7200663,195.4551399,235.6367876,236.9647857,256.6588586,222.442951,184.285408,182.5840187,178.2851441,162.5417344
2006,Enero,221.9634708,195.8133803,249.1693366,230.8409968,258.9160924,225.3781262,183.954783,178.6203614,183.6016445,160.0666206
2006,Febrero,223.1048874,196.4822434,258.3407296,234.4572675,254.710032,223.2872501,190.6918652,177.3002402,183.5713054,160.3608712
2006,Marzo,227.018751,199.2743501,254.2855574,237.9664731,263.1864872,225.4074197,206.2194087,180.7758209,177.4371773,169.7932614
2006,Abril,226.0928382,193.2108231,256.1610176,237.2235621,266.6288052,228.8294109,202.3882503,182.7729865,169.194052,166.2586368
2006,Mayo,225.2736266,195.7970861,236.9337117,229.9077161,273.6443136,237.7044423,209.6799428,183.0827178,167.3308446,168.5427141
2006,Junio,224.102203,195.5555525,244.752411,229.6706895,266.9288906,230.5527648,210.4735046,184.2447237,164.2230124,169.0375814
2006,Julio,227.2853493,194.1555914,256.4283909,233.0481185,268.3631379,234.1700194,208.7725977,185.3999276,171.2671747,169.7672012
2006,Agosto,227.606931,195.4757447,253.5096731,233.3823804,266.9448809,240.9865604,216.5232683,187.5787858,172.6453377,170.7717682
2006,Septiembre,223.9078604,192.5500804,246.0625682,222.8886106,265.6859796,235.181677,218.3607832,186.9704024,170.5940138,170.3881377
2006,Octubre,223.4776369,189.2292735,247.3876876,224.657911,263.5746996,235.7017816,221.0052299,184.1388976,173.2843668,168.638647
2006,Noviembre,222.0960815,186.5919429,240.9475187,220.0185253,269.5186393,240.0035397,219.684738,182.5574426,167.7149247,162.5135682
2006,Diciembre,220.918402,184.6523232,240.7273623,217.6463887,267.6448875,238.9378253,223.2985178,181.3123621,167.0614255,161.4675389
2007,Enero,219.5434409,182.8998702,242.3971665,214.3520348,263.2463108,234.7352589,228.7692744,179.9006797,169.072228,161.339696
2007,Febrero,222.085821,185.3898202,249.5677214,214.2709412,266.2599049,238.4291244,229.2678768,181.323343,165.9898569,164.7871848
2007,Marzo,224.5626513,185.6097916,253.5944722,215.096237,271.8826049,239.7513153,229.145372,182.3573315,166.2951641,165.6930141
2007,Abril,222.2550073,183.615607,253.4328486,215.2529412,273.1565891,238.5899632,211.1054287,186.8316259,165.196666,152.7137509
2007,Mayo,224.5220903,184.7170657,264.2257044,215.9127713,268.2788743,236.6352556,224.7603879,184.9207706,165.6128625,163.0775866
2007,Junio,228.8843569,185.0986143,273.3697053,221.6024384,275.3803018,243.2642498,220.7841037,177.8011772,165.7789984,164.6848479
2007,Julio,228.7191065,185.4779952,274.8811404,222.0930874,273.0542152,241.7950684,221.5182371,176.4061484,164.4637545,167.3644919
2007,Agosto,229.9666363,186.6793662,267.3151619,226.2680962,275.1199869,243.2538224,231.1905172,188.2064498,164.9292014,171.6777345
2007,Septiembre,234.3268769,184.6638076,281.8105345,231.0378171,284.1531665,243.6138592,225.4588988,191.4627505,165.4832312,166.9308059
2007,Octubre,239.0143668,186.425209,286.1297191,234.0768419,288.4602937,247.2462657,244.0298435,191.1016567,168.3366054,174.8478755
2007,Noviembre,240.3806737,183.3844885,288.870806,229.6580014,293.9545602,245.1198963,248.9104631,196.9395191,165.555066,180.2741383
2007,Diciembre,240.2125358,181.564832,291.3961399,235.6630423,291.0906809,235.5999087,248.3153567,195.1882343,165.3753321,181.6339794
2008,Enero,241.8349338,181.0120544,289.5039338,250.4803601,288.7615601,231.5449108,253.5897841,204.4382454,165.4495853,186.4597593
2008,Febrero,247.540826,180.9851629,308.2879909,252.1834193,295.6754607,231.7283291,259.9185115,205.0364513,167.7887001,187.7976124
2008,Marzo,251.3594327,180.4206581,294.7080745,263.725249,308.0992536,231.115767,273.9711893,208.3031344,167.2692547,191.1340613
2008,Abril,252.7871767,181.0180536,303.3135564,254.8073493,304.6506332,230.8988193,294.2457492,214.5431723,170.1400901,199.260712
2008,Mayo,245.5716165,177.2291044,307.5200894,237.9880451,295.8194448,224.9289447,274.6054894,224.0116242,167.4686384,187.732569
2008,Junio,242.6841736,173.5537003,307.3089795,218.8541776,292.9665565,221.6585989,291.2486892,209.3360035,164.0560936,194.6695571
2008,Julio,243.5664198,173.9588147,315.2127591,225.1594423,287.8554917,219.3583652,287.8619241,204.9335331,168.2490862,195.5636723
2008,Agosto,234.8118805,172.1902307,301.7771378,222.234668,268.9745452,201.788463,286.8341642,198.9206875,164.4404737,198.4755627
2008,Septiembre,229.7261169,176.9351161,266.8103053,214.5898476,272.9397745,208.3075354,292.9957405,212.3772975,161.3351411,189.4703605
2008,Octubre,221.7871454,187.9642244,258.1740967,190.556003,264.9036843,202.1541293,273.1103117,210.9338515,148.2782226,185.5555634
2008,Noviembre,216.1487481,186.731188,241.5568,196.4968858,259.4972731,190.8766317,257.2318023,202.2965777,144.2520774,180.3516349
2008,Diciembre,224.6383058,185.9904,238.8564513,204.6750753,289.7129312,180.2293313,260.7840365,210.9568978,143.8300111,178.5374029
2009,Enero,222.1973073,187.9359653,248.8271525,211.2637444,268.3228746,176.9188584,254.4456524,188.299461,140.6750279,194.9817637
2009,Febrero,221.9279482,191.6661825,243.7814525,220.1197307,265.1386123,181.3956925,260.2873765,184.9562883,133.9246273,192.4258322
2009,Marzo,236.9062746,199.1319021,262.8001445,238.381306,288.8022388,189.1143322,267.7503001,190.27336,146.4301695,193.5372578
2009,Abril,238.1973452,199.0880763,275.3982853,229.0252592,287.4051208,194.391096,269.7684908,190.1885317,152.7841627,194.7892177
2009,Mayo,249.9251807,200.4078821,299.4973904,241.9291723,303.2100294,212.4813697,268.7714651,204.9226998,158.7198214,199.7088212
2009,Junio,259.3324071,203.9640186,315.9942137,262.1378207,310.242719,222.7985977,274.3370716,210.5096199,160.9091778,207.4319401
2009,Julio,259.7427828,203.9608018,326.6088982,253.6720158,308.9363449,222.0041941,277.6341371,219.7214451,161.2630909,207.9179688
2009,Agosto,267.763864,207.4859856,341.1136829,254.2134678,320.1896106,223.9385284,285.570282,224.3471099,164.0880335,221.3443364
2009,Septiembre,265.7214977,202.5994205,341.6955749,252.7556742,318.7034058,213.9876362,282.3594464,221.0593627,157.2665024,225.4932001
2009,Octubre,265.2849096,199.3352902,346.431131,247.9926975,317.5681694,217.7155255,283.43462,217.8823065,158.5173469,225.3612106
2009,Noviembre,262.1890806,193.7163614,336.0159287,255.1592059,313.592505,212.6773879,279.8202483,209.5704339,158.0293144,225.1057436
2009,Diciembre,260.8952997,195.7279281,343.203507,248.6335024,304.4885596,208.8366901,277.239759,212.6349824,159.676523,233.347577
2010,Enero,252.4173389,194.4381691,318.3633005,240.419292,292.2613201,209.8346497,274.9374963,212.5462851,160.7252699,233.3636448
2010,Febrero,253.3675907,194.3969535,326.2965026,247.8021069,282.5747854,198.8687155,288.4700056,209.1854441,163.22452,242.6977097
2010,Marzo,250.5126911,193.3142363,330.4988221,235.626173,281.3634659,195.1915911,274.1010125,211.4073251,168.2985374,233.293431
2010,Abril,251.1919501,192.0882995,338.260077,239.7181656,277.133699,198.3321943,274.0369599,210.043823,168.9223793,234.515382
2010,Mayo,246.0052813,193.5235579,330.7046534,247.3190985,257.889436,188.4414529,279.4444398,206.8935588,159.6813723,244.4335897
2010,Junio,240.3862116,192.2626898,332.1121081,232.4954585,255.0015787,195.6953839,269.0668404,203.671171,160.0754036,217.6494383
2010,Julio,245.8559243,190.7293867,334.5119456,239.9260981,269.7811869,200.6819184,267.1607554,207.8360046,160.8648297,218.5320433
2010,Agosto,239.3907754,186.5623035,320.9607822,243.0924775,257.9471283,195.8560341,267.5686524,202.547243,153.5069864,217.8617363
2010,Septiembre,254.8618168,190.2019513,346.2612712,260.6345336,280.8805112,203.1705436,268.0133214,215.8114725,164.0709205,228.5576812
2010,Octubre,253.9887307,187.4608152,344.8878551,255.1988783,284.2700954,203.4247079,261.6058049,214.34406,164.1308108,227.4370836
2010,Noviembre,250.7357276,187.9446494,343.9527863,256.69265,269.7965958,198.8278871,274.2142494,212.8278468,163.9380328,228.730871
2010,Diciembre,253.8505443,186.4713818,354.9201429,263.9815185,270.1349549,197.4942253,282.6600612,218.9510481,164.6958136,229.5390999
2011,Enero,256.0744844,187.0584294,354.9709577,258.1205615,274.8727376,202.1975542,291.7079334,197.7692228,167.4723471,237.8281519
2011,Febrero,259.9149812,188.0353847,361.7624535,263.9474982,279.138381,207.198081,293.9458369,201.6851022,169.281091,239.8149843
2011,Marzo,265.0277484,189.0167881,365.7523034,259.7003026,288.8028501,205.7680313,323.869308,208.8510551,171.6129215,244.5785338
2011,Abril,276.884206,190.1386129,383.3366982,272.9260109,305.4300121,215.9459894,343.9793517,217.3738995,177.3871743,250.6706583
2011,Mayo,271.536626,190.1140637,379.2014118,269.8654064,292.5809255,212.7950499,334.7066089,213.4025624,174.2041017,252.3575621
2011,Junio,273.2782058,189.531477,386.8760238,268.1053706,294.1887106,206.336485,337.1102113,216.0275212,171.1184802,260.8658098
2011,Julio,275.1755119,189.5537233,391.0174209,275.4751166,292.1718837,211.3718449,351.0111,214.4668299,172.5575978,258.3761473
2011,Agosto,273.5962727,190.8173399,383.6917062,271.5188761,295.3988575,212.5040449,348.218877,207.8398983,163.3433509,257.9304751
2011,Septiembre,254.4665129,190.7614168,334.9457779,247.3501083,279.3295403,204.0791339,332.7209221,198.5048179,150.6415284,241.31917
2011,Octubre,264.8205276,190.298747,363.2851855,260.5552281,291.4462629,210.6705554,321.4557359,205.9357244,157.628922,247.9579593
2011,Noviembre,250.5302259,190.2231496,331.3460942,244.5171696,275.1953628,203.7135975,303.1802835,195.5385582,148.3522114,241.7196269
2011,Diciembre,250.0903988,189.8837688,333.193429,247.8633114,268.3264304,203.3213561,306.3400696,194.0477755,149.6358494,246.9465951
2012,Enero,257.1843515,190.2886149,356.8742484,262.7886664,269.5406454,205.014148,290.6230184,196.6005073,162.1539761,254.1957886
2012,Febrero,262.9477793,190.560528,365.8193238,269.8950181,275.9037035,207.6047303,315.6784085,194.353873,163.3874582,255.167309
2012,Marzo,259.2890484,191.1652813,341.1522663,264.2851037,276.3786152,209.1915656,323.9564313,197.9517291,163.7063372,256.3383589
2012,Abril,257.7662424,192.0332694,332.4034085,266.0435525,276.0886344,214.2895804,320.5203687,198.3910778,161.0480555,253.8022453
2012,Mayo,246.3264915,192.5234563,316.3996178,249.4856501,260.0301687,205.8872291,306.4252379,192.535469,149.5280802,251.0144076
2012,Junio,246.7263434,193.0378531,306.5311388,258.7251098,263.7409114,206.4102444,306.1930879,189.6209763,156.5876307,240.3060097
2012,Julio,247.4738783,192.5583736,315.4416531,267.763685,255.611637,207.7959523,313.4272196,184.7906693,159.9165547,237.8293993
2012,Agosto,248.0242328,192.4211548,311.1655526,267.8516269,260.4679333,209.0225822,311.7370786,186.0199652,158.3057884,238.4547994
2012,Septiembre,252.1760086,192.2575356,315.1575905,272.3004816,267.6413214,213.1083811,307.6256558,190.4770524,164.0551482,243.798785
2012,Octubre,255.3048623,192.7503983,317.5431926,270.674465,270.8045424,213.4809914,308.3675231,191.6829224,162.8250812,265.2397989
2012,Noviembre,253.4720079,190.8172241,307.9415075,268.5319932,269.52264,212.2616135,312.7848393,193.0827479,164.4768326,267.678354
2012,Diciembre,257.3673868,189.6468245,316.4677438,267.9830122,274.6972031,213.2652615,326.2243453,197.9909037,163.5936845,274.9103012
2013,Enero,259.5653462,188.4119362,325.7878319,270.1344411,276.5262998,206.1857455,336.9182779,186.2573004,166.4823229,271.48833
2013,Febrero,259.9213854,190.3790153,329.3334658,270.329236,271.3666357,199.5400699,350.3204343,186.8497648,166.1829889,276.2879048
2013,Marzo,257.7039695,190.2329022,323.288348,271.2585647,264.7227667,200.3304987,339.1983309,190.5397277,173.7727405,279.5091616
2013,Abril,258.6315605,189.0404978,326.9277378,268.8048951,268.8361806,203.9363217,327.6302965,192.8890917,175.6151676,280.0481
2013,Mayo,253.0177105,190.3350707,313.23265,258.0584053,268.6473031,200.7579733,324.4641161,189.4178363,168.1330325,267.3622419
2013,Junio,247.4343176,190.2141402,295.986061,251.8106802,268.2522839,200.4123073,304.2153013,193.2406671,164.3700499,261.7289896
2013,Julio,247.1791922,190.3453883,290.2074115,249.2092378,272.2025263,201.6627211,311.4078415,196.953288,166.7361245,253.6136593
2013,Agosto,234.3583591,110.1905401,281.8796015,254.367135,274.4960594,207.154074,314.5585256,197.1699791,161.4780351,248.0340261
2013,Septiembre,252.5872887,191.7852588,295.1007962,257.6086667,280.5951382,215.3928655,316.4004644,199.2548164,163.7583391,258.1915038
2013,Octubre,256.3696367,191.6551015,306.8543414,256.3837804,285.6225877,214.7666011,319.563919,202.6190366,167.9568811,260.6496602
2013,Noviembre,256.2593645,194.2192711,294.7010948,250.079905,286.7987372,222.2986097,328.7803255,204.2554427,169.7333239,270.2792761
2013,Diciembre,266.2961926,201.3601388,303.1051156,263.7077428,301.8943997,233.3836056,326.4812619,214.7046909,177.3022416,276.7985833
2014,Enero,305.7923966,237.6279771,348.6415683,296.8710735,347.0862796,225.0997249,382.1067188,250.4267625,205.3517978,325.3858091
2014,Febrero,293.3549404,224.9331395,342.7376073,274.0517786,329.8932243,261.1336555,383.9825216,234.0986834,194.9161358,301.7714124
2014,Marzo,290.2877164,220.0273541,347.7976832,274.6264638,325.28805,254.1863628,374.5148187,229.2324017,193.6204275,291.6232266
2014,Abril,285.4696035,215.751686,348.618879,264.8049804,320.57338,251.9286353,368.94093,226.0046867,188.3458298,283.3586777
2014,Mayo,280.807377,213.1953012,344.1572192,266.6942367,310.2239413,246.7496596,363.0575134,222.6485815,188.6804086,278.3709917
2014,Junio,278.7333483,210.2631263,344.2633697,261.9774109,306.312736,247.6317875,364.2052379,222.6056534,184.3640816,282.0124506
2014,Julio,270.0867479,206.9555216,334.0312578,249.7176065,294.145029,241.4714418,363.0049239,219.5429567,180.2595448,272.8810422
2014,Agosto,266.2307126,206.746225,330.7158465,243.9349457,288.9647824,237.8099602,361.2002709,210.5224849,181.1564375,263.5773309
2014,Septiembre,254.2489257,203.8258719,304.6432862,236.3589669,276.173728,229.4094441,340.3107092,200.6873369,173.9287216,254.9098457
2014,Octubre,251.7356744,200.8951223,298.6464874,246.1780352,271.0075068,223.2767962,325.514894,194.4987639,172.986041,256.0591004
2014,Noviembre,242.4625908,195.6749657,281.9784848,228.9991105,261.5467586,213.7845034,320.2255426,183.9238576,165.1408213,260.242972
2014,Diciembre,235.927881,193.2228414,269.6730756,227.0409288,253.4367948,210.8612854,321.5002455,182.0777128,155.4866197,251.386532
2015,Enero,227.3738947,190.6321267,276.0367596,215.5688796,230.1963784,200.6353262,308.3391601,174.113185,153.0512899,253.0587162
2015,Febrero,224.093482,190.7274581,253.7452149,220.7570837,228.6171973,205.185055,312.4333768,170.5320436,151.4715191,249.2983111
2015,Marzo,216.4078643,190.7114085,227.7664844,217.7366875,222.4337749,196.4351325,307.1056536,170.3097583,148.6375186,242.1251569
2015,Abril,218.841669,188.55184,250.1835267,223.0640316,223.6429899,200.9574983,289.5310584,173.6450751,146.1809152,234.2342544
2015,Mayo,213.4743663,187.4163477,231.0639153,217.1253165,220.9138182,197.4818321,290.8431902,171.3048374,142.6132909,231.0563023
2015,Junio,213.4859154,188.47384,235.1565059,212.599539,223.5320456,203.5205733,279.4631303,175.7096889,140.6141082,227.3217588
2015,Julio,204.4637937,185.525471,219.6656888,199.4751022,215.7377826,198.8692775,276.0194636,174.1225617,132.8670708,214.7792063
2015,Agosto,201.0155048,184.1558329,204.3547264,193.0415831,218.9254371,194.9426353,266.1401602,166.1098135,129.025931,216.548482
2015,Septiembre,195.694768,183.2363075,178.8633274,190.1509403,219.9444067,192.3606054,255.2440076,164.9380212,126.6144624,214.0538938
2015,Octubre,195.560482,182.2254035,188.5701915,193.9142475,214.4815191,194.1057884,247.2297185,166.188118,130.4451938,209.3188078
2015,Noviembre,191.501117,179.8665352,191.1571239,184.7729422,203.8508538,187.7893676,250.9945384,163.4858781,129.3383221,211.50266
2015,Diciembre,249.6067078,233.2781238,247.4527821,242.8603432,273.6662266,240.659618,317.7493071,212.1476023,162.5023332,267.3187062
2016,Enero,251.8377108,239.402342,251.1055995,248.3210785,273.8433168,235.011678,324.4659708,212.820615,159.5788379,268.0096783
2016,Febrero,274.6624926,257.8507887,273.3671399,275.7825339,297.8987605,247.042072,372.967903,230.8974003,170.9457449,289.5649688
2016,Marzo,259.7354952,236.3940951,275.5851443,254.5254778,284.9672189,235.0103611,335.3215292,217.3417351,165.2754059,263.7179955
2016,Abril,242.9955476,218.0432428,266.055265,240.8990266,263.7924976,219.1727543,314.8936608,202.7710288,151.9171439,244.8158722
2016,Mayo,220.8395547,202.8031424,239.8838308,213.401422,239.264714,203.3807941,285.760019,183.3069862,130.4134606,232.8104861
2016,Junio,234.1276776,211.520412,275.0082422,229.3541993,248.290085,194.1326029,299.5693879,190.4411576,134.1381463,244.9256969
2016,Julio,232.5128587,207.5870091,274.6386024,228.9767763,244.5693691,188.370271,296.0621885,190.3925315,131.7875317,252.5407535
2016,Agosto,237.0636274,210.5788724,280.6826468,230.6209753,247.9721349,189.5425394,303.4685115,193.8200105,134.4221213,266.0360786
2016,Septiembre,239.896398,212.0935506,283.3044737,238.7933562,251.4147293,189.6226558,302.301291,196.4413871,130.90958,271.2930805
2016,Octubre,227.24956,201.5289425,271.0005469,229.7546395,234.1083931,168.7675468,281.2346509,182.0763247,127.6655129,262.5123953
2016,Noviembre,223.008156,204.4304679,259.4837907,224.5298334,229.5090763,175.4483558,281.8336692,184.7336626,120.273158,256.3691151
2016,Diciembre,227.7506366,206.5555072,274.395316,229.3438246,231.4961688,176.050287,289.6963328,186.4043228,121.8086454,259.8543885
2017,Enero,228.6320331,203.9720824,280.9401818,233.3475819,228.8309774,175.2969021,284.9931121,187.9483889,120.7639573,268.4095308
2017,Febrero,219.2869135,194.9439589,270.3743576,223.2627653,216.4312606,166.7103939,283.4974396,183.7574655,121.3992994,256.1328848
2017,Marzo,212.9355012,188.8249353,261.1511027,209.6175436,214.2221678,162.2903945,267.4347575,181.1668959,125.454139,247.20824
2017,Abril,209.3256418,185.2669539,251.5115627,202.998561,213.4165485,165.6439619,268.0956082,177.4691934,122.050003,243.9376236
2017,Mayo,214.549709,189.5559619,251.606531,206.6081587,223.2144487,168.6348463,272.8620502,185.5780658,126.4578041,249.7759894
2017,Junio,219.1245326,191.7990699,251.1939365,212.2107057,230.8850035,172.1928449,279.8011876,189.6680325,132.828775,253.216712
2017,Julio,237.7585569,203.8702271,280.2230067,231.4893982,251.6862218,185.3429327,298.851389,197.5257299,142.9401697,269.0115345
2017,Agosto,230.394121,196.6031675,267.5297156,232.0391448,246.3463337,176.3038915,281.7464135,189.6894744,137.8736003,257.2549725
2017,Septiembre,227.0965003,195.5204447,263.6963508,225.9187032,242.0782061,181.3723275,280.11218,190.3719476,133.926989,254.0632836
2017,Octubre,223.4958402,194.2148911,256.6368463,226.0217831,237.2828049,177.4098957,280.0743835,190.1490466,127.1045776,251.5308798
2017,Noviembre,220.1281868,189.1369401,252.9271016,218.4660058,235.6776189,176.3903762,274.0125648,185.7354196,129.3147377,247.7014002
2017,Diciembre,233.8143807,199.4497324,260.2257444,241.157544,252.2654284,187.958335,295.8662619,198.0383321,129.2403489,265.115005
2018,Enero,244.641185,203.9080913,277.4513012,250.4988535,263.0376176,199.6308267,302.2776034,204.1679772,139.3435735,281.0417902
2018,Febrero,245.7719896,205.7288139,273.3437397,258.3145832,262.6318069,198.3247348,306.6849762,200.8807708,140.0408351,284.3026914
2018,Marzo,239.6034246,201.0920244,261.1644574,245.7392964,259.294357,194.8846768,300.2840344,195.4807573,141.1032677,278.474033
2018,Abril,234.5397761,199.9850633,247.6749862,243.7226918,253.6213613,190.3357514,297.9683044,189.6466638,135.8990946,276.4966954
2018,Mayo,266.2002301,238.0298215,273.3982235,279.4847244,289.0658498,218.0981177,341.7954652,226.3312488,151.629463,300.2472897
2018,Junio,292.0937101,262.9180722,295.1106277,298.1513049,320.2559029,238.3182069,382.4412521,244.7225733,167.9900808,332.5646933
2018,Julio,276.96166,245.7390465,287.3225199,283.5696171,299.2824484,222.2428468,354.0017022,228.3077958,167.7302081,319.0348299
2018,Agosto,343.4410616,313.3868018,329.434954,345.1927963,381.9431847,282.8183907,444.8619938,295.3070758,209.7388612,394.363837
2018,Septiembre,353.2729838,320.3240123,346.9077732,359.5600996,392.2455981,291.3042906,449.7988244,302.7820197,217.3258506,394.4658904
2018,Octubre,315.3407807,287.9975232,338.5399827,309.1239679,342.7734892,254.4289127,399.2533308,264.6512894,184.4340405,352.8135432
2018,Noviembre,319.010101,288.8888394,332.8173075,324.0466329,344.7535495,258.1840531,409.1227515,313.7316746,185.4050107,361.4896108
2018,Diciembre,306.661121,277.815485,319.1161809,301.767072,334.1818237,247.2451704,391.5362836,297.6727359,185.3910991,349.2423242
2019,Enero,298.5756901,267.4659041,321.6846278,302.3493076,317.869081,243.4805763,369.8733733,293.1691421,183.3736472,339.1967895
2019,Febrero,299.8917596,268.3752064,320.7364089,310.4589898,316.941733,247.8427435,371.6787906,297.5179093,182.5690879,341.9770939
2019,Marzo,316.3159473,289.8296229,330.7870973,319.5411791,338.853387,261.3686504,392.930799,319.8154399,194.2135669,357.7386382
2019,Abril,318.8023761,293.3315338,334.2697368,324.4768957,342.017701,262.6693824,390.9802208,324.1372196,200.553809,351.0589265
2019,Mayo,300.6901207,279.9236705,315.6198841,297.4236235,325.2309982,244.8513638,370.2031431,310.0171917,188.7677439,330.3722462
2019,Junio,284.9302165,260.3068137,303.041727,288.6074984,309.1953577,228.911126,349.6738262,291.235446,174.6195271,308.2208996
2019,Julio,286.969425,263.1166289,311.1558897,283.3569273,304.5146559,221.6427035,364.17207,298.1841175,178.4934422,323.4443003
2019,Agosto,358.4029723,339.8490687,366.6108347,355.0411496,389.4588326,287.298352,453.1214981,383.1192092,218.6415286,393.7132451
2019,Septiembre,333.4121142,317.1921129,341.4727082,328.7123264,361.2339132,270.6162952,414.8365849,361.5602585,208.5561464,366.5139042
2019,Octubre,341.2679342,321.1518582,358.5174508,331.4694454,371.5564044,286.3286123,414.3825494,362.0104942,218.2249642,366.1798234
2019,Noviembre,320.3517897,310.4230542,331.4357718,279.2918529,354.6120961,278.1908255,401.3933437,354.1439656,208.4750417,350.548825
2019,Diciembre,320.690253,299.5043606,337.8143254,305.063673,349.4266203,272.8565906,390.0804436,343.2052623,209.5186273,348.2013658
2020,Enero,308.7890729,295.1742758,318.9642016,284.5799459,333.7869494,265.2825022,379.5490489,336.2362353,208.2594689,345.3780146
2020,Febrero,307.4155911,300.1201336,303.642573,280.0367686,338.9794375,266.2899113,386.1425173,338.6567571,201.8866217,340.9454526
2020,Marzo,297.5119978,302.2887564,268.2958861,274.7471395,345.6904118,259.2919333,388.1845489,333.7880496,167.6560851,313.0959025
2020,Abril,297.6684943,304.6598858,256.2891124,279.4339716,345.3952336,264.2777182,392.9614389,344.5229364,167.1758338,319.5651532
2020,Mayo,308.8618357,310.0447653,265.3181245,299.0576956,359.0188294,266.6692397,392.8380653,349.3374596,185.1550274,328.7385082
2020,Junio,312.4300204,315.3404245,263.3232095,294.2773893,369.2283085,269.7815307,388.9283897,359.5740938,181.2194126,341.9462978
2020,Julio,327.8778033,320.6819315,282.5032049,322.8139599,390.2229883,289.6034781,385.3238766,368.1431163,192.6720793,346.3670038
2020,Agosto,326.2304469,321.5727736,271.7701597,314.1638367,392.2175033,295.5895292,385.4176251,372.9117268,196.2007984,345.3796929
2020,Septiembre,324.6363106,324.1059173,263.1737835,316.1976943,388.474763,287.6085579,388.8952579,364.7924204,192.4302457,351.5686241
2020,Octubre,327.3859336,325.6575269,261.3000166,324.7828007,389.6057321,290.7737847,389.0789737,371.4226798,204.3569647,352.7079896
2020,Noviembre,336.7154974,326.9196777,285.9075915,327.3485806,399.9188869,300.0378699,392.8587118,383.8311797,218.3230908,355.7737584
2020,Diciembre,347.0855105,327.1391275,298.079408,353.8937326,411.885809,306.8902077,404.5959899,395.31604,220.8096434,360.1584286
2021,Enero,342.8119998,328.5093761,284.4781601,345.8452211,407.6125854,309.3383493,401.8518766,387.3168828,214.8967402,365.1569132
2021,Febrero,343.5346817,330.4483343,279.9697934,351.7250922,406.3746133,314.7541831,422.7152656,384.7398624,213.4158747,359.8352586
2021,Marzo,335.5843079,327.8602326,269.8574623,343.9664441,393.0158967,307.0866867,427.0811136,378.8155596,214.9236308,346.2590897
2021,Abril,339.4370673,323.0337802,285.6613083,352.2987926,398.9781255,306.4471932,415.1574929,380.9502157,217.3225771,344.6124395
2021,Mayo,332.6301213,317.9797534,288.2650116,333.8908932,392.8072433,305.9256015,391.554008,373.3334877,213.014157,338.902991
2021,Junio,326.8312091,314.3863883,300.7481166,323.2626748,376.711056,293.6802478,384.0781223,365.2287879,211.0747526,336.6371609
2021,Julio,318.3645177,310.1667739,287.264783,308.9752947,368.6387453,290.1055326,373.963425,362.6849232,207.9556839,330.1106239
2021,Agosto,311.4894875,304.6351223,280.0747413,295.0971319,360.2426127,282.5581426,368.7609239,358.0594093,201.2175515,334.7103608
2021,Septiembre,302.3364924,298.9440521,265.7533941,284.02308,349.5179887,271.6776285,366.6791279,351.604301,195.8008507,328.6356212
2021,Octubre,294.2369595,293.8178894,252.2590075,277.6546594,341.1908205,271.0163596,361.5302563,349.0111261,190.8727458,314.8393118
2021,Noviembre,287.8170663,291.3693215,252.7077721,267.825375,329.9375908,262.1332792,362.7627398,343.0948885,180.2373745,310.2746072
2021,Diciembre,283.8579473,286.6122534,247.5927122,260.6751353,326.2618398,261.663865,357.2873407,343.6751864,187.8277774,301.6529952
2022,Enero,282.087036,283.5962133,257.0582749,270.2675728,316.090109,254.7940299,344.277182,328.4935724,182.9035752,304.0024246
2022,Febrero,285.2800229,281.9096222,266.0314061,270.7466774,317.5032836,252.8245409,348.5345703,322.7538179,185.6461236,316.8864549
2022,Marzo,286.7574811,278.3970691,285.8128144,274.8588699,313.4078186,243.6851235,341.1626788,320.9973478,187.027591,318.7841288
2022,Abril,275.932011,276.494659,275.01815,252.5907377,294.6896831,234.8558386,347.656151,305.4917515,181.3790789,317.195788
2022,Mayo,279.6950037,275.0300434,283.5914927,259.8188009,298.4988427,234.265206,341.78807,301.9401895,186.6449725,322.7420441
2022,Junio,269.8507626,277.0217159,256.2137462,235.177224,291.364954,225.3358528,340.0757615,291.0390439,181.245892,325.9819425
2022,Julio,261.7872121,270.3192836,251.6623357,236.5274181,277.5105681,221.513028,332.9789546,290.9472982,176.3553627,308.0300949
2022,Agosto,261.5536453,268.2822401,254.642897,242.3258406,271.457025,212.1514658,332.9871283,295.4625943,179.0346507,314.3085448
2022,Septiembre,255.5863208,270.2051191,239.6385013,225.9245233,268.2851609,200.1886308,327.4201932,278.588223,179.8235096,313.3788963
2022,Octubre,258.9447968,269.2604576,243.0086302,229.7522263,276.6501342,214.4702932,316.7754809,279.0730429,182.9489498,312.3755103
2022,Noviembre,268.1705855,271.7960287,245.0331753,243.5696638,290.3307881,224.6818006,321.9716307,290.1231237,191.5046616,326.9087606
2022,Diciembre,272.6911628,271.5202504,249.2066622,260.0306784,298.8676343,227.3875481,318.6388707,284.4976358,189.9278379,322.8320086
2023,Enero,275.2520474,268.5118156,254.128585,272.1769609,297.9858335,228.081039,314.6599138,285.3897971,194.7796081,329.2774973
2023,Febrero,271.9140019,268.6070882,250.138973,263.7367189,290.6175923,222.0043903,317.3822984,268.5961136,199.0444768,331.5812348
2023,Marzo,277.3841479,267.3998634,253.8675469,277.0934034,299.3166259,228.2425506,322.0641994,273.8734774,201.1407067,333.4776028
2023,Abril,277.9755198,266.4126688,259.6991155,270.0014632,302.4483505,232.9081997,319.9932875,269.9170446,200.410968,332.9600947
2023,Mayo,274.7893656,266.0446793,257.3137118,269.8098021,293.202448,230.1658185,317.3718908,263.4806437,203.5767069,330.9853776
2023,Junio,279.896548,267.4000747,266.9770708,271.1591366,299.2495294,235.5404221,314.1681647,266.0610576,210.2443159,340.5084731
2023,Julio,280.0384091,266.6288509,272.3858872,262.1015869,300.9301331,237.7652132,313.1317651,264.3743333,215.3516238,337.4786963
2023,Agosto,320.6725781,309.2872557,306.7140692,293.520937,345.7258958,271.8313107,361.2003518,299.7411508,249.1158845,390.961639
2023,Septiembre,280.140778,276.9953433,265.3584823,250.9643067,300.9118691,235.3693944,323.1830264,265.3591981,214.7733511,344.6952015
2023,Octubre,253.6194742,253.0751768,243.3770246,224.0007558,275.3996646,213.794593,290.7677246,229.9254502,190.3716439,304.4644446
2023,Noviembre,240.3196352,232.0589844,229.9174201,220.9981552,261.0816875,205.2498062,269.1574389,231.7626028,185.0196029,286.8029331
2023,Diciembre,447.7540023,430.2551488,431.7162792,402.8489834,487.6239569,383.3413808,510.0185759,438.992295,349.8422518,531.1629375
2024,Enero,371.2537612,362.8988156,356.7993826,321.0818931,400.1295298,319.3136388,432.1021014,362.9266017,292.4171811,454.5242412
2024,Febrero,331.5582526,326.140689,321.6060371,273.9681322,359.410319,286.2033587,385.6328192,329.9738921,263.1059617,407.4827053
2024,Marzo,300.7642895,295.3786343,286.0823669,247.7134926,324.7490536,258.3181352,346.0292582,291.5392236,244.8505332,381.4832831
2024,Abril,279.1289564,275.8996476,261.9038341,239.3223046,301.800456,239.9639677,321.5049515,267.1962734,221.3150521,348.0586641
2024,Mayo,274.9943277,270.3486514,253.0478321,243.7902642,298.6674683,238.9382755,311.8546282,266.942903,217.0810032,340.582955
2024,Junio,261.2235179,263.0465191,229.4966324,228.466857,288.2639148,231.6260016,302.4935496,255.9136812,196.5686713,325.7142876
2024,Julio,254.0428142,256.1555549,222.6718354,221.6855044,283.0614137,228.6684506,293.0913526,252.3311892,189.5216198,310.5707392
2024,Agosto,251.3540789,251.0129525,217.377729,227.5049189,283.9551383,230.1479175,285.0047405,255.767321,175.7613309,305.0438073
2024,Septiembre,251.5218061,274.299891,221.2562007,226.4050947,279.6712965,228.8712511,272.7140934,245.2507383,172.1718764,288.8368881
2024,Octubre,239.2689265,243.7053277,207.8260217,213.0468836,269.9054673,221.562976,264.3514606,243.616865,168.1038095,289.5727858
2024,Noviembre,232.3578024,241.231258,197.9023431,207.0722018,259.8787666,215.1799353,267.8918576,245.1134971,164.8749235,278.1744139
